City_ID,City,Country,Date,Lat,Lng,Max Temp,Humidity,Cloudiness,Wind Speed
0,Kathu,TH,2020-02-20 04:40:02,7.92,98.33,86.0,58,20,9.17
1,Bud,US,2020-02-20 04:40:02,39.45,-86.18,33.01,63,90,8.05
2,Port Hardy,CA,2020-02-20 04:40:02,50.7,-127.42,32.0,57,75,3.36
3,Busselton,AU,2020-02-20 04:40:02,-33.65,115.33,91.99,17,0,2.68
4,Puerto El Triunfo,SV,2020-02-20 04:40:03,13.28,-88.55,82.4,83,0,4.7
5,Hermanus,ZA,2020-02-20 04:40:03,-34.42,19.23,66.0,93,85,5.99
6,Bereda,ES,2020-02-20 04:40:03,43.27,-7.54,45.0,100,20,6.93
7,Port Alfred,ZA,2020-02-20 04:40:03,-33.59,26.89,73.0,91,37,7.67
8,Lonavale,IN,2020-02-20 04:40:04,18.75,73.42,89.01,51,67,3.36
9,Ushuaia,AR,2020-02-20 04:38:08,-54.8,-68.3,46.4,93,90,24.16
10,Hilo,US,2020-02-20 04:40:04,19.73,-155.09,73.4,73,75,8.05
11,Marang,MY,2020-02-20 04:40:05,5.21,103.21,86.0,74,40,8.05
12,Atuona,PF,2020-02-20 04:40:05,-9.8,-139.03,81.16,80,16,19.35
13,Kuybyshevo,RU,2020-02-20 04:35:41,47.81,38.91,34.02,96,100,8.59
14,Klaksvik,FO,2020-02-20 04:40:05,62.23,-6.59,37.4,69,100,26.4
15,Oksfjord,NO,2020-02-20 04:40:06,70.24,22.35,28.4,73,100,18.34
16,Mount Gambier,AU,2020-02-20 04:40:06,-37.83,140.77,64.4,55,90,11.41
17,Sumbe,AO,2020-02-20 04:40:07,-11.21,13.84,77.67,88,100,2.37
18,Yar-Sale,RU,2020-02-20 04:40:07,66.83,70.83,16.59,85,100,5.06
19,Port-Gentil,GA,2020-02-20 04:40:07,-0.72,8.78,80.22,83,100,8.55
20,Springdale,US,2020-02-20 04:38:15,36.19,-94.13,45.0,36,90,11.41
21,New Norfolk,AU,2020-02-20 04:40:08,-42.78,147.06,66.0,42,75,18.34
22,Rikitea,PF,2020-02-20 04:40:08,-23.12,-134.97,78.49,80,14,14.5
23,Olafsvik,IS,2020-02-20 04:40:08,64.89,-23.71,33.98,80,100,45.59
24,Torbat-E Jam,IR,2020-02-20 04:40:08,35.24,60.62,44.71,35,97,6.42
25,Cidreira,BR,2020-02-20 04:40:09,-30.18,-50.21,74.7,81,22,10.98
26,Nsanje,MW,2020-02-20 04:40:09,-16.92,35.26,78.55,87,32,3.06
27,Avarua,CK,2020-02-20 04:40:09,-21.21,-159.78,78.8,94,100,8.05
28,Vaini,TO,2020-02-20 04:40:09,-21.2,-175.2,82.4,65,40,6.93
29,Naifaru,MV,2020-02-20 04:40:09,5.44,73.37,82.56,76,1,20.69
30,Port Elizabeth,ZA,2020-02-20 04:40:10,-33.92,25.57,66.2,93,35,2.24
31,Hobyo,SO,2020-02-20 04:40:10,5.35,48.53,83.16,64,83,13.33
32,College,US,2020-02-20 04:40:11,64.86,-147.8,18.0,92,90,4.7
33,Taicheng,CN,2020-02-20 04:40:11,38.73,113.23,42.21,35,100,3.65
34,Bonavista,CA,2020-02-20 04:40:11,48.65,-53.11,30.0,68,54,18.01
35,Walvis Bay,NA,2020-02-20 04:40:11,-22.96,14.51,64.0,94,100,6.73
36,Hargeysa,SO,2020-02-20 04:40:12,9.56,44.06,73.13,42,99,9.66
37,Cherskiy,RU,2020-02-20 04:40:12,68.75,161.3,-20.24,97,99,4.99
38,Jamestown,US,2020-02-20 04:40:12,42.1,-79.24,26.6,73,90,8.05
39,Geraldton,AU,2020-02-20 04:40:12,-28.77,114.6,80.6,61,90,11.41
40,Castro,BR,2020-02-20 04:40:13,-24.79,-50.01,65.98,97,95,1.03
41,Cabo San Lucas,MX,2020-02-20 04:40:13,22.89,-109.91,70.0,63,5,3.36
42,Hobart,AU,2020-02-20 04:39:32,-42.88,147.33,66.0,42,75,18.34
43,Mataura,NZ,2020-02-20 04:40:14,-46.19,168.86,72.0,68,93,3.0
44,Sechura,PE,2020-02-20 04:40:14,-5.56,-80.82,74.26,85,33,6.46
45,Slave Lake,CA,2020-02-20 04:40:14,55.28,-114.77,8.6,84,1,2.24
46,Carutapera,BR,2020-02-20 04:40:15,-1.2,-46.02,79.83,85,100,14.58
47,Kingman,US,2020-02-20 04:40:15,35.19,-114.05,64.4,41,1,9.17
48,Iskateley,RU,2020-02-20 04:40:15,67.68,53.15,17.24,95,98,6.96
49,Anadyr,RU,2020-02-20 04:40:15,64.75,177.48,-18.0,68,8,4.47
50,Lago Da Pedra,BR,2020-02-20 04:40:16,-4.33,-45.17,73.31,98,100,2.17
51,Lakhipur,IN,2020-02-20 04:40:16,26.03,90.3,81.52,35,95,5.23
52,Lorengau,PG,2020-02-20 04:40:16,-2.02,147.27,83.26,74,92,14.14
53,Cape Town,ZA,2020-02-20 04:38:10,-33.93,18.42,69.01,100,75,17.22
54,Santa Rosa,PH,2020-02-20 04:40:17,14.31,121.11,86.0,48,20,17.22
55,Punta Arenas,CL,2020-02-20 04:40:17,-53.15,-70.92,46.4,71,75,14.99
56,Bredasdorp,ZA,2020-02-20 04:40:17,-34.53,20.04,69.8,94,79,8.05
57,Kaitangata,NZ,2020-02-20 04:40:17,-46.28,169.85,62.01,79,92,15.99
58,Daru,PG,2020-02-20 04:40:18,-9.08,143.21,85.51,82,84,7.76
59,Anzio,IT,2020-02-20 04:40:18,41.49,12.62,46.0,93,5,4.7
60,Yellowknife,CA,2020-02-20 04:40:18,62.46,-114.35,8.6,84,40,10.29
61,Hithadhoo,MV,2020-02-20 04:40:18,-0.6,73.08,82.92,78,28,16.15
62,Thompson,CA,2020-02-20 04:37:11,55.74,-97.86,5.0,60,90,13.87
63,Barrow,US,2020-02-20 04:40:19,71.29,-156.79,-2.2,77,90,6.93
64,Tuktoyaktuk,CA,2020-02-20 04:40:19,69.45,-133.04,8.6,84,75,10.29
65,Williams Lake,CA,2020-02-20 04:40:19,52.14,-122.14,26.6,63,5,14.99
66,Puerto Ayora,EC,2020-02-20 04:40:19,-0.74,-90.35,77.56,89,42,8.34
67,Nikolskoye,RU,2020-02-20 04:40:20,59.7,30.79,36.0,93,90,4.47
68,Luganville,VU,2020-02-20 04:40:20,-15.53,167.17,86.0,66,20,6.93
69,Severo-Kurilsk,RU,2020-02-20 04:40:20,50.68,156.12,18.77,86,68,11.45
70,Victoria,HK,2020-02-20 04:35:35,22.29,114.16,75.0,42,20,10.29
71,Lebu,CL,2020-02-20 04:40:21,-37.62,-73.65,50.47,62,0,5.01
72,Haimen,CN,2020-02-20 04:40:21,23.19,116.61,66.2,45,0,8.95
73,Lomovka,RU,2020-02-20 04:40:22,53.92,58.37,28.4,86,90,11.18
74,Albany,US,2020-02-20 04:40:22,42.6,-73.97,25.0,49,40,6.93
75,Byron Bay,AU,2020-02-20 04:40:22,-28.65,153.62,86.0,65,31,12.75
76,Shimoda,JP,2020-02-20 04:40:22,34.67,138.95,55.99,58,75,6.93
77,Dikson,RU,2020-02-20 04:40:23,73.51,80.55,6.91,88,97,9.06
78,Bluff,NZ,2020-02-20 04:40:23,-46.6,168.33,72.0,68,100,3.0
79,Saint George,US,2020-02-20 04:40:23,37.1,-113.58,48.2,43,1,2.95
80,Tongliao,CN,2020-02-20 04:39:05,43.61,122.27,36.5,31,50,10.0
81,La Asuncion,VE,2020-02-20 04:40:24,11.03,-63.86,87.8,66,0,13.87
82,Sao Filipe,CV,2020-02-20 04:40:24,14.9,-24.5,71.47,65,45,20.11
83,Trinidad,BO,2020-02-20 04:40:24,-14.83,-64.9,77.04,91,100,3.22
84,Taywarah,AF,2020-02-20 04:40:24,33.35,64.42,32.99,56,0,5.26
85,Cayenne,GF,2020-02-20 04:40:24,4.93,-52.33,78.8,74,75,5.82
86,Lagoa,PT,2020-02-20 04:40:25,39.05,-27.98,54.52,59,0,14.47
87,Baykit,RU,2020-02-20 04:40:25,61.67,96.37,17.29,92,100,6.49
88,Khatanga,RU,2020-02-20 04:40:25,71.97,102.5,-7.37,85,6,4.81
89,Kapaa,US,2020-02-20 04:40:26,22.08,-159.32,78.8,73,75,23.04
90,Hurricane,US,2020-02-20 04:40:26,37.18,-113.29,48.2,43,1,2.95
91,Salamiyah,SY,2020-02-20 04:40:26,35.01,37.05,51.13,76,0,19.86
92,Naryan-Mar,RU,2020-02-20 04:40:27,67.67,53.09,17.24,95,98,6.96
93,Esperance,AU,2020-02-20 04:40:28,-33.87,121.9,75.2,41,75,12.75
94,Kaihua,CN,2020-02-20 04:40:28,23.37,104.28,59.18,70,73,9.19
95,Kota Kinabalu,MY,2020-02-20 04:40:28,5.97,116.07,86.0,70,20,4.7
96,Bambous Virieux,MU,2020-02-20 04:40:28,-20.34,57.76,80.6,69,40,8.05
97,Labuan,MY,2020-02-20 04:40:29,5.28,115.24,87.8,58,75,6.93
98,Butaritari,KI,2020-02-20 04:40:29,3.07,172.79,82.71,81,100,13.62
99,Kavieng,PG,2020-02-20 04:40:29,-2.57,150.8,84.02,73,13,18.21
100,Qaanaaq,GL,2020-02-20 04:40:29,77.48,-69.36,-13.29,53,0,3.89
101,Goderich,CA,2020-02-20 04:40:29,43.75,-81.72,24.01,46,84,1.99
102,Korla,CN,2020-02-20 04:40:30,41.76,86.15,26.2,51,64,4.79
103,Bethel,US,2020-02-20 04:40:30,41.37,-73.41,34.0,50,1,6.93
104,Otukpo,NG,2020-02-20 04:40:30,7.19,8.13,68.0,33,4,2.8
105,Carnarvon,AU,2020-02-20 04:40:30,-24.87,113.63,91.4,49,40,14.99
106,Georgetown,MY,2020-02-20 04:40:31,5.41,100.34,89.6,52,20,8.05
107,Kandi,BJ,2020-02-20 04:40:31,11.13,2.94,66.18,20,0,4.99
108,Chuy,UY,2020-02-20 04:40:31,-33.7,-53.46,67.28,92,0,5.32
109,Karlskoga,SE,2020-02-20 04:40:31,59.33,14.52,30.99,92,33,3.36
110,Ojinaga,MX,2020-02-20 04:40:32,29.57,-104.42,55.4,87,90,2.59
111,Eyl,SO,2020-02-20 04:40:32,7.98,49.82,78.13,74,100,12.03
112,Harlingen,US,2020-02-20 04:39:02,26.19,-97.7,63.0,93,90,9.17
113,Campbellton,CA,2020-02-20 04:40:33,48.01,-66.67,-9.81,80,89,13.44
114,Alta Floresta,BR,2020-02-20 04:40:33,-9.88,-56.09,71.92,97,100,3.13
115,Sur,OM,2020-02-20 04:40:34,22.57,59.53,80.11,25,24,3.65
116,Ruteng,ID,2020-02-20 04:40:34,-8.61,120.47,72.77,89,100,2.86
117,Mafra,BR,2020-02-20 04:40:34,-26.11,-49.81,68.0,93,61,2.01
118,Upernavik,GL,2020-02-20 04:40:34,72.79,-56.15,0.77,94,100,5.1
119,Matagami,CA,2020-02-20 04:40:34,49.75,-77.63,-14.8,83,1,5.82
120,Bhalwal,PK,2020-02-20 04:40:35,32.27,72.9,71.37,39,14,8.59
121,La Palma,US,2020-02-20 04:40:35,33.85,-118.05,59.0,71,1,2.04
122,Faya,SA,2020-02-20 04:40:35,18.39,42.45,57.2,82,100,5.82
123,Aykhal,RU,2020-02-20 04:40:36,66.0,111.5,5.0,92,59,6.71
124,Gat,IL,2020-02-20 04:40:36,31.61,34.76,57.0,93,75,3.36
125,Custoias,PT,2020-02-20 04:40:36,41.11,-7.32,36.0,8,0,2.15
126,Tiksi,RU,2020-02-20 04:40:36,71.69,128.87,-2.25,83,100,12.17
127,Egvekinot,RU,2020-02-20 04:40:37,66.32,-179.17,-17.07,86,0,9.35
128,Beringovskiy,RU,2020-02-20 04:40:37,63.05,179.32,-14.3,84,0,16.11
129,Katsuura,JP,2020-02-20 04:40:37,35.13,140.3,57.99,57,75,3.36
130,Marawi,PH,2020-02-20 04:40:37,8.0,124.29,82.99,78,23,7.0
131,Villaviciosa,ES,2020-02-20 04:40:38,43.48,-5.44,43.0,93,1,5.82
132,Oktyabrskiy,RU,2020-02-20 04:40:38,54.48,53.47,31.96,97,99,7.81
133,Neiafu,TO,2020-02-20 04:40:38,-18.65,-173.98,82.4,74,40,4.7
134,Tura,IN,2020-02-20 04:40:38,25.52,90.22,85.53,24,100,3.78
135,Port Lincoln,AU,2020-02-20 04:40:39,-34.73,135.87,64.44,57,98,11.54
136,Leningradskiy,RU,2020-02-20 04:40:39,69.38,178.42,-9.76,93,100,20.54
137,Hovd,MN,2020-02-20 04:40:39,48.01,91.64,15.64,36,100,3.74
138,Dwarka,IN,2020-02-20 04:40:39,22.24,68.97,74.95,72,0,9.08
139,Tuatapere,NZ,2020-02-20 04:40:40,-46.13,167.68,72.0,68,100,3.0
140,Kodiak,US,2020-02-20 04:37:24,57.79,-152.41,33.8,86,90,20.8
141,Natal,BR,2020-02-20 04:40:40,-5.79,-35.21,77.0,94,20,5.82
142,Yeppoon,AU,2020-02-20 04:40:40,-23.13,150.73,96.8,47,20,3.36
143,Coihaique,CL,2020-02-20 04:38:17,-45.58,-72.07,44.6,75,0,2.24
144,Nome,US,2020-02-20 04:40:41,64.5,-165.41,7.0,71,90,12.75
145,Palora,EC,2020-02-20 04:36:38,-1.7,-77.93,65.03,95,25,2.46
146,Rio Grande,BR,2020-02-20 04:40:41,-32.03,-52.1,71.62,82,0,11.41
147,Hasaki,JP,2020-02-20 04:39:05,35.73,140.83,57.0,47,75,4.7
148,Provideniya,RU,2020-02-20 04:40:42,64.38,-173.3,1.4,64,100,6.71
149,Agadez,NE,2020-02-20 04:39:40,19.75,10.25,52.59,34,12,7.27
150,Lompoc,US,2020-02-20 04:36:10,34.64,-120.46,53.01,87,90,3.36
151,Khasan,RU,2020-02-20 04:40:43,42.43,130.64,33.53,48,0,10.45
152,Bengkulu,ID,2020-02-20 04:40:43,-3.8,102.27,92.53,47,3,0.27
153,Moose Factory,CA,2020-02-20 04:40:43,51.26,-80.61,-13.0,69,1,9.17
154,Portland,US,2020-02-20 04:40:43,45.52,-122.68,48.2,36,1,17.22
155,Saint-Philippe,RE,2020-02-20 04:40:44,-21.36,55.77,82.0,65,0,10.29
156,Wanaka,NZ,2020-02-20 04:40:44,-44.7,169.15,60.96,61,96,7.67
157,Kailua,US,2020-02-20 04:40:44,21.4,-157.74,75.2,64,40,17.22
158,Coquimbo,CL,2020-02-20 04:40:44,-29.95,-71.34,59.0,93,75,6.93
159,Buchanan,LR,2020-02-20 04:40:44,5.88,-10.05,75.2,94,75,1.34
160,Lima,PE,2020-02-20 04:39:19,-12.04,-77.03,75.2,88,40,11.41
161,Neuquen,AR,2020-02-20 04:40:10,-38.95,-68.06,57.2,44,0,7.38
162,Porto Santo,PT,2020-02-20 04:37:10,33.07,-16.34,60.8,62,75,13.87
163,Acari,PE,2020-02-20 04:40:45,-15.43,-74.62,67.64,90,100,2.89
164,Dalmeny,CA,2020-02-20 04:40:46,52.33,-106.77,5.0,77,5,8.05
165,Itarema,BR,2020-02-20 04:40:46,-2.92,-39.92,74.44,93,100,3.67
166,Garowe,SO,2020-02-20 04:39:24,8.41,48.48,74.98,62,100,10.89
167,Arraial Do Cabo,BR,2020-02-20 04:40:46,-22.97,-42.03,77.34,86,100,23.94
168,Ribeira Grande,PT,2020-02-20 04:40:47,38.52,-28.7,51.8,62,40,3.36
169,Clyde River,CA,2020-02-20 04:40:47,70.47,-68.59,-13.0,83,90,17.22
170,Jalingo,NG,2020-02-20 04:40:47,8.88,11.37,69.85,23,48,5.64
171,Touros,BR,2020-02-20 04:40:48,-5.2,-35.46,77.0,94,75,6.93
172,Sangar,RU,2020-02-20 04:40:48,63.92,127.47,-10.53,92,98,10.69
173,Yulara,AU,2020-02-20 04:40:48,-25.24,130.99,93.2,14,85,10.29
174,Lethem,GY,2020-02-20 04:40:48,3.38,-59.8,77.74,59,84,15.5
175,Polunochnoye,RU,2020-02-20 04:40:49,60.87,60.42,29.52,85,46,6.62
176,Caravelas,BR,2020-02-20 04:40:49,-17.71,-39.25,80.4,80,13,11.83
177,Cedar Lake,US,2020-02-20 04:40:50,41.36,-87.44,23.0,49,40,7.65
178,Pisco,PE,2020-02-20 04:40:50,-13.7,-76.22,71.6,88,100,11.41
179,Grindavik,IS,2020-02-20 04:40:50,63.84,-22.43,35.6,76,90,20.8
180,Sao Gabriel Da Cachoeira,BR,2020-02-20 04:40:51,-0.13,-67.09,75.56,87,97,1.68
181,Belmonte,BR,2020-02-20 04:40:51,-15.86,-38.88,75.2,88,20,3.36
182,Rudiskes,LT,2020-02-20 04:40:51,54.52,24.83,37.4,94,90,4.7
183,Muli,MV,2020-02-20 04:40:51,2.92,73.57,81.9,76,30,18.23
184,Nantucket,US,2020-02-20 04:40:51,41.28,-70.1,33.8,46,1,10.29
185,Teguise,ES,2020-02-20 04:40:52,29.06,-13.56,60.8,67,40,10.29
186,Blitar,ID,2020-02-20 04:40:52,-8.1,112.17,79.07,87,100,11.83
187,Lhokseumawe,ID,2020-02-20 04:37:20,5.18,97.15,85.73,56,7,6.17
188,Powell River,CA,2020-02-20 04:40:53,49.85,-124.54,37.99,71,40,2.24
189,Mehamn,NO,2020-02-20 04:40:53,71.04,27.85,26.6,79,40,12.75
190,Sitka,US,2020-02-20 04:39:27,57.05,-135.33,39.2,80,90,10.29
191,Haukipudas,FI,2020-02-20 04:40:53,65.17,25.5,12.2,92,0,2.24
192,Tabou,CI,2020-02-20 04:40:54,4.42,-7.35,76.21,95,50,2.57
193,Nizwa,OM,2020-02-20 04:40:54,22.93,57.53,73.4,23,67,4.34
194,Hwange,ZW,2020-02-20 04:40:54,-18.37,26.5,71.64,84,0,5.61
195,Yinchuan,CN,2020-02-20 04:40:54,38.47,106.27,41.0,20,100,6.42
196,Coolidge,US,2020-02-20 04:40:55,32.98,-111.52,69.01,38,1,8.05
197,Norman Wells,CA,2020-02-20 04:40:55,65.28,-126.83,10.4,72,75,4.7
198,Airai,TL,2020-02-20 04:40:55,-8.93,125.41,76.82,84,70,2.44
199,Mar Del Plata,AR,2020-02-20 04:40:55,-38.0,-57.56,61.0,76,35,4.7
200,Coahuayana,MX,2020-02-20 04:40:56,18.73,-103.68,72.48,57,0,3.36
201,Onalaska,US,2020-02-20 04:40:56,43.88,-91.24,5.0,54,1,4.5
202,Salalah,OM,2020-02-20 04:37:45,17.02,54.09,73.4,69,75,4.7
203,Ponta Delgada,PT,2020-02-20 04:40:56,37.73,-25.67,53.6,62,20,17.22
204,Sorland,NO,2020-02-20 04:40:56,67.67,12.69,32.0,61,75,11.41
205,Chicama,PE,2020-02-20 04:40:57,-7.84,-79.15,71.6,88,75,9.17
206,Nhulunbuy,AU,2020-02-20 04:40:57,-12.23,136.77,77.0,94,90,9.17
207,Westport,US,2020-02-20 04:38:23,41.14,-73.36,35.6,54,1,5.82
208,Havoysund,NO,2020-02-20 04:40:57,71.0,24.66,28.4,86,75,19.46
209,Kruisfontein,ZA,2020-02-20 04:40:58,-34.0,24.73,76.55,63,17,16.96
210,Narsaq,GL,2020-02-20 04:40:58,60.92,-46.05,6.8,46,93,6.93
211,Amarpur,IN,2020-02-20 04:40:58,25.03,86.9,82.31,22,100,4.07
212,Kot Samaba,PK,2020-02-20 04:40:59,28.55,70.47,75.15,27,0,24.45
213,Kochki,RU,2020-02-20 04:40:59,54.34,80.48,28.02,95,100,15.61
214,Tilichiki,RU,2020-02-20 04:40:59,60.47,166.1,-18.4,87,0,8.03
215,Bozhou,CN,2020-02-20 04:40:59,33.88,115.77,58.95,38,33,5.44
216,Antofagasta,CL,2020-02-20 04:41:00,-23.65,-70.4,68.0,82,90,4.7
217,Harper,LR,2020-02-20 04:41:00,4.38,-7.72,76.21,95,50,2.57
218,Fort Nelson,CA,2020-02-20 04:41:00,58.81,-122.7,8.6,92,20,1.34
219,Nicoya,CR,2020-02-20 04:41:01,10.15,-85.45,84.2,58,57,17.22
220,Tohana,IN,2020-02-20 04:41:01,29.7,75.9,76.93,29,1,14.83
221,Shaowu,CN,2020-02-20 04:41:01,27.34,117.48,61.75,48,0,4.54
222,Moron,AR,2020-02-20 04:40:54,-34.65,-58.62,68.0,63,20,11.41
223,Medenychi,UA,2020-02-20 04:41:02,49.43,23.75,36.0,93,75,8.95
224,Tecalitlan,MX,2020-02-20 04:41:02,19.47,-103.3,61.2,72,0,2.3
225,Vila Franca Do Campo,PT,2020-02-20 04:41:02,37.72,-25.43,53.6,62,20,17.22
226,Mlonggo,ID,2020-02-20 04:41:02,-6.53,110.7,84.99,83,40,8.05
227,Bonthe,SL,2020-02-20 04:41:03,7.53,-12.51,77.94,91,48,5.19
228,Carnot,CF,2020-02-20 04:41:03,4.94,15.87,68.68,36,55,1.28
229,Witbank,ZA,2020-02-20 04:41:03,-25.87,29.23,64.13,86,79,5.95
230,Gelibolu,TR,2020-02-20 04:40:05,40.41,26.67,46.4,75,75,5.82
231,Harnosand,SE,2020-02-20 04:41:04,62.63,17.94,21.2,92,84,4.7
232,Aksarka,RU,2020-02-20 04:41:04,66.56,67.8,23.09,92,87,2.28
233,Teloes,PT,2020-02-20 04:41:04,41.31,-8.11,46.0,100,0,3.36
234,Ponta Do Sol,PT,2020-02-20 04:41:05,32.67,-17.1,60.8,59,40,9.17
235,Nianzishan,CN,2020-02-20 04:41:05,47.52,122.88,18.54,72,17,2.82
236,Beyneu,KZ,2020-02-20 04:41:05,45.32,55.2,37.65,43,100,14.41
237,Suntar,RU,2020-02-20 04:41:05,62.14,117.63,13.46,86,100,6.8
238,Hami,CN,2020-02-20 04:39:04,42.8,93.45,30.97,42,95,7.34
239,Wattegama,LK,2020-02-20 04:41:06,6.8,81.48,84.2,74,20,13.87
240,Ayagoz,KZ,2020-02-20 04:41:06,47.97,80.44,19.04,92,100,6.53
241,Atar,MR,2020-02-20 04:41:06,20.52,-13.05,66.6,16,0,10.0
242,Tirumullaivasal,IN,2020-02-20 04:41:07,11.23,79.83,79.25,67,1,11.25
243,Mareeba,AU,2020-02-20 04:41:07,-17.0,145.43,93.99,55,92,8.05
244,Magadan,RU,2020-02-20 04:41:07,59.57,150.8,-1.8,73,0,1.5
245,Kuytun,RU,2020-02-20 04:41:07,54.34,101.5,21.88,78,100,4.52
246,Tessalit,ML,2020-02-20 04:41:08,20.2,1.01,62.4,16,11,13.65
247,La Union,PE,2020-02-20 04:41:08,-5.4,-80.75,79.36,62,34,7.87
248,Eregli,TR,2020-02-20 04:41:08,37.51,34.05,38.8,52,1,2.51
249,Bekhtery,UA,2020-02-20 04:41:08,46.25,32.29,37.0,100,12,6.71
250,Bafq,IR,2020-02-20 04:41:09,31.61,55.41,65.55,36,100,5.79
251,Rawson,AR,2020-02-20 04:40:09,-43.3,-65.1,59.45,54,0,20.2
252,Ketrzyn,PL,2020-02-20 04:41:09,54.08,21.38,37.02,90,99,8.84
253,Antalaha,MG,2020-02-20 04:41:09,-14.9,50.28,81.75,74,37,6.8
254,Amla,IN,2020-02-20 04:41:10,21.93,78.12,83.95,25,0,14.79
255,Abnub,EG,2020-02-20 04:41:10,27.27,31.15,52.36,73,0,4.16
256,Prieska,ZA,2020-02-20 04:41:10,-29.66,22.75,73.76,65,0,3.51
257,Pundaguitan,PH,2020-02-20 04:41:10,6.37,126.17,80.69,67,3,2.59
258,Torbay,CA,2020-02-20 04:41:11,47.67,-52.73,30.0,79,40,32.21
259,Samarai,PG,2020-02-20 04:41:11,-10.62,150.67,87.75,59,100,4.32
260,San Cristobal,VE,2020-02-20 04:41:11,7.77,-72.22,82.4,65,20,2.24
261,Flin Flon,CA,2020-02-20 04:41:11,54.77,-101.86,-0.87,94,5,8.77
262,Lagos,NG,2020-02-20 04:39:26,6.58,3.75,82.4,83,20,8.05
263,Kotka,FI,2020-02-20 04:41:12,60.47,26.92,28.4,86,97,3.36
264,Podhum,BA,2020-02-20 04:41:12,43.72,17.0,48.2,39,24,11.41
265,Cravo Norte,CO,2020-02-20 04:41:12,6.3,-70.2,82.4,48,12,5.41
266,Dingle,PH,2020-02-20 04:41:13,11.0,122.67,78.17,79,97,18.9
267,Honolulu,US,2020-02-20 04:41:13,21.31,-157.86,75.2,64,40,17.22
268,Yuxia,CN,2020-02-20 04:41:13,34.06,108.63,53.01,21,20,8.95
269,Yichang,CN,2020-02-20 04:41:14,30.71,111.28,61.48,49,30,7.63
270,Aginskoye,RU,2020-02-20 04:41:14,51.1,114.53,8.91,78,99,8.95
271,Bilibino,RU,2020-02-20 04:41:14,68.05,166.44,-25.73,99,100,1.79
272,San Antonio,US,2020-02-20 04:38:09,29.42,-98.49,50.0,87,90,9.17
273,Guiglo,CI,2020-02-20 04:37:44,6.55,-7.5,72.34,99,35,1.81
274,Naze,JP,2020-02-20 04:41:15,28.37,129.48,66.2,55,75,5.82
275,East London,ZA,2020-02-20 04:41:15,-33.02,27.91,69.8,94,71,5.82
276,Palu,ID,2020-02-20 04:41:15,-0.89,119.87,76.57,88,50,3.38
277,Hirara,JP,2020-02-20 04:39:05,24.8,125.28,73.4,56,40,11.41
278,Cascais,PT,2020-02-20 04:41:16,38.7,-9.42,55.99,71,0,5.82
279,Acarau,BR,2020-02-20 04:37:05,-2.89,-40.12,74.44,93,100,3.67
280,Turukhansk,RU,2020-02-20 04:41:16,65.82,87.98,18.64,93,100,12.03
281,Luderitz,NA,2020-02-20 04:41:17,-26.65,15.16,64.63,90,40,18.01
282,Poum,NC,2020-02-20 04:41:17,-20.23,164.02,80.8,77,3,14.65
283,Arona,ES,2020-02-20 04:41:17,28.1,-16.68,63.0,76,90,18.34
284,Longyearbyen,SJ,2020-02-20 04:41:17,78.22,15.64,8.6,65,75,26.4
285,Kalmunai,LK,2020-02-20 04:41:18,7.42,81.82,80.69,78,97,12.88
286,Kholodnyy,RU,2020-02-20 04:41:18,62.72,147.95,-20.79,95,0,2.33
287,Hope,US,2020-02-20 04:41:18,33.67,-93.59,42.01,100,90,11.41
288,Hamilton,US,2020-02-20 04:37:11,39.18,-84.53,33.01,61,1,4.7
289,Ntungamo,UG,2020-02-20 04:41:19,-0.88,29.65,74.3,59,5,1.36
290,Laela,TZ,2020-02-20 04:41:19,-8.57,32.05,67.82,90,50,0.89
291,Exeter,GB,2020-02-20 04:37:40,50.72,-3.53,50.0,91,100,1.01
292,Ilulissat,GL,2020-02-20 04:41:20,69.22,-51.1,-0.4,64,100,3.24
293,Adre,TD,2020-02-20 04:41:20,13.47,22.2,64.6,27,95,19.04
294,Sucre,BO,2020-02-20 04:38:13,-19.03,-65.26,53.1,90,99,4.76
295,Necochea,AR,2020-02-20 04:41:20,-38.55,-58.74,60.01,60,2,10.0
296,Russell,US,2020-02-20 04:41:21,32.35,-85.2,57.99,82,40,3.36
297,Souillac,MU,2020-02-20 04:41:21,-20.52,57.52,80.6,69,40,8.05
298,Bathsheba,BB,2020-02-20 04:36:35,13.22,-59.52,77.0,69,40,20.8
299,Altoona,US,2020-02-20 04:41:22,40.52,-78.39,30.2,50,1,5.82
300,Lerwick,GB,2020-02-20 04:41:22,60.15,-1.15,44.6,81,100,25.28
301,Tambacounda,SN,2020-02-20 04:41:22,13.75,-13.76,77.0,48,31,6.93
302,Kenai,US,2020-02-20 04:39:41,60.55,-151.26,26.01,85,20,5.82
303,Praia,CV,2020-02-20 04:41:23,14.92,-23.51,67.84,86,91,16.98
304,Deputatskiy,RU,2020-02-20 04:41:23,69.3,139.9,-8.0,91,100,3.78
305,Sobolevo,RU,2020-02-20 04:41:23,54.43,31.9,33.24,92,100,6.35
306,Saskylakh,RU,2020-02-20 04:41:24,71.92,114.08,-10.61,93,0,2.19
307,Faanui,PF,2020-02-20 04:41:24,-16.48,-151.75,83.34,77,100,18.05
308,Port Hedland,AU,2020-02-20 04:41:24,-20.32,118.57,96.8,47,0,12.75
309,Verkhoyansk,RU,2020-02-20 04:41:24,67.54,133.38,-12.51,85,80,2.73
310,Hurghada,EG,2020-02-20 04:41:24,27.26,33.81,62.2,75,0,20.15
311,Mogadishu,SO,2020-02-20 04:41:25,2.04,45.34,81.57,80,21,14.47
312,Talnakh,RU,2020-02-20 04:41:25,69.49,88.4,14.0,92,75,29.08
313,Isangel,VU,2020-02-20 04:41:25,-19.55,169.27,84.2,70,75,5.82
314,Shostka,UA,2020-02-20 04:41:26,51.86,33.47,32.86,92,94,8.01
315,Chokurdakh,RU,2020-02-20 04:41:26,70.63,147.92,-10.03,92,86,7.0
316,Les Cayes,HT,2020-02-20 04:41:26,18.2,-73.75,80.44,74,8,13.73
317,Tautira,PF,2020-02-20 04:41:26,-17.73,-149.15,84.2,66,20,10.29
318,Farafangana,MG,2020-02-20 04:41:27,-22.82,47.83,80.19,76,100,11.99
319,Tasiilaq,GL,2020-02-20 04:41:27,65.61,-37.64,21.2,73,83,2.24
320,Bakel,SN,2020-02-20 04:41:27,14.9,-12.46,73.42,13,60,7.29
321,Morro Agudo,BR,2020-02-20 04:38:33,-20.73,-48.06,73.4,88,81,4.7
322,Uige,AO,2020-02-20 04:41:28,-7.61,15.06,68.07,88,100,3.13
323,Nuuk,GL,2020-02-20 04:37:19,64.18,-51.72,8.6,71,59,14.99
324,San Quintin,MX,2020-02-20 04:41:28,30.48,-115.95,56.84,92,0,7.38
325,Kariba,ZW,2020-02-20 04:41:29,-16.52,28.8,74.97,80,0,3.09
326,Macamic,CA,2020-02-20 04:41:29,48.75,-79.0,-20.2,75,5,2.24
327,Esso,RU,2020-02-20 04:41:29,55.93,158.7,-5.01,78,0,3.74
328,Bratsk,RU,2020-02-20 04:41:30,56.13,101.61,17.6,78,100,11.18
329,Oussouye,SN,2020-02-20 04:41:30,12.48,-16.55,73.4,88,79,2.24
330,Vardo,NO,2020-02-20 04:41:30,70.37,31.11,17.6,78,48,14.99
331,Opuwo,NA,2020-02-20 04:41:30,-18.06,13.84,68.14,28,100,4.7
332,Iralaya,HN,2020-02-20 04:41:31,15.0,-83.23,80.92,76,17,18.34
333,Ayan,RU,2020-02-20 04:41:31,56.45,138.17,3.85,73,72,6.02
334,Atherton,GB,2020-02-20 04:41:31,53.52,-2.49,50.0,81,40,11.41
335,Dalbandin,PK,2020-02-20 04:41:04,28.89,64.41,53.56,27,16,8.61
336,Safonovo,RU,2020-02-20 04:41:32,55.15,33.22,33.17,92,100,5.41
337,Pravia,ES,2020-02-20 04:41:32,43.49,-6.15,43.0,93,0,5.82
338,Hualmay,PE,2020-02-20 04:41:33,-11.1,-77.61,72.32,78,100,4.45
339,Ulety,RU,2020-02-20 04:41:33,51.36,112.48,13.39,75,100,3.67
340,Durant,US,2020-02-20 04:41:33,33.99,-96.37,48.99,70,90,8.05
341,Havelock,US,2020-02-20 04:41:33,34.88,-76.9,50.0,46,90,12.75
342,Kattivakkam,IN,2020-02-20 04:41:34,13.22,80.32,82.99,58,40,3.36
343,Zalantun,CN,2020-02-20 04:41:34,48.0,122.72,19.02,73,0,4.38
344,Waingapu,ID,2020-02-20 04:41:34,-9.66,120.26,83.32,80,100,22.44
345,Arandis,NA,2020-02-20 04:41:34,-22.42,14.97,64.0,94,100,3.56
346,Jurilovca,RO,2020-02-20 04:41:35,44.77,28.87,41.0,93,100,3.36
347,Vao,NC,2020-02-20 04:41:35,-22.67,167.48,79.9,69,39,10.33
348,Brigantine,US,2020-02-20 04:41:35,39.41,-74.36,37.99,50,1,4.83
349,Acapulco,MX,2020-02-20 04:41:35,16.86,-99.89,80.6,74,5,6.93
350,Nara,JP,2020-02-20 04:41:36,34.69,135.8,55.0,46,75,4.7
351,Bay Roberts,CA,2020-02-20 04:41:36,47.6,-53.26,30.0,79,40,32.21
352,Tromso,NO,2020-02-20 04:41:36,69.65,18.96,26.6,63,53,21.92
353,Nanortalik,GL,2020-02-20 04:41:36,60.14,-45.24,19.04,51,100,7.74
354,Casino,AU,2020-02-20 04:41:36,-28.87,153.05,86.0,55,0,12.75
355,Manzhouli,CN,2020-02-20 04:39:05,49.6,117.43,5.74,91,96,8.57
356,Sao Joao Da Barra,BR,2020-02-20 04:41:37,-21.64,-41.05,76.5,85,100,14.41
357,Hofn,IS,2020-02-20 04:41:37,64.25,-15.21,38.55,80,91,27.11
358,Pompeu,BR,2020-02-20 04:41:37,-19.22,-44.94,68.02,91,55,4.99
359,Great Falls,US,2020-02-20 04:41:38,47.5,-111.3,24.8,53,1,13.87
360,Bonoua,CI,2020-02-20 04:41:38,5.27,-3.6,82.4,94,40,4.7
361,Okhotsk,RU,2020-02-20 04:41:38,59.38,143.3,-3.42,81,0,5.1
362,Mundo Nuevo,MX,2020-02-20 04:41:39,18.7,-95.5,70.57,95,0,2.59
363,Killybegs,IE,2020-02-20 04:41:39,54.63,-8.45,39.99,93,100,7.0
364,Puerto Ayacucho,VE,2020-02-20 04:41:39,5.66,-67.62,73.35,92,31,2.15
365,Dunedin,NZ,2020-02-20 04:38:47,-45.87,170.5,61.0,81,97,1.01
366,Omboue,GA,2020-02-20 04:41:40,-1.57,9.26,75.99,95,98,2.15
367,Hokitika,NZ,2020-02-20 04:40:40,-42.72,170.97,63.68,76,97,9.37
368,Kirovskiy,RU,2020-02-20 04:41:40,45.09,133.51,20.39,77,67,5.77
369,Alice Springs,AU,2020-02-20 04:41:41,-23.7,133.88,91.4,9,3,10.29
370,Inhambane,MZ,2020-02-20 04:41:41,-23.86,35.38,77.0,88,20,8.08
371,Qaqortoq,GL,2020-02-20 04:41:41,60.72,-46.03,6.8,46,100,6.93
372,Bebra,DE,2020-02-20 04:41:42,50.97,9.8,39.99,93,75,9.17
373,San Patricio,MX,2020-02-20 04:41:42,19.22,-104.7,75.9,78,0,2.53
374,Kamloops,CA,2020-02-20 04:41:42,50.67,-120.32,28.4,68,5,9.17
375,Sokoni,TZ,2020-02-20 04:41:42,-6.43,39.55,83.93,73,100,5.5
376,Bandarbeyla,SO,2020-02-20 04:41:43,9.49,50.81,77.41,71,100,7.23
377,Betong,TH,2020-02-20 04:41:28,5.77,101.07,87.03,45,2,7.34
378,Koson,UZ,2020-02-20 04:41:43,39.04,65.58,35.6,80,0,4.7
379,Rio Verde De Mato Grosso,BR,2020-02-20 04:41:43,-18.92,-54.84,72.64,93,100,3.94
380,Nagato,JP,2020-02-20 04:41:44,34.38,131.2,57.99,66,20,9.17
381,Marsabit,KE,2020-02-20 04:41:44,2.33,37.99,78.49,61,51,19.26
382,Cervo,ES,2020-02-20 04:41:44,43.67,-7.41,45.0,1,0,5.28
383,Kaoma,ZM,2020-02-20 04:41:44,-14.78,24.8,67.32,95,92,4.81
384,Kansanshi,ZM,2020-02-20 04:41:45,-12.1,26.43,67.35,94,100,0.67
385,Uvalde,US,2020-02-20 04:41:45,29.37,-99.77,53.01,87,90,6.93
386,Araouane,ML,2020-02-20 04:41:45,18.9,-3.53,69.73,13,72,7.47
387,Falcoiu,RO,2020-02-20 04:41:45,44.23,24.37,42.01,100,40,3.36
388,Port Moresby,PG,2020-02-20 04:39:01,-9.44,147.18,95.0,56,40,17.22
389,High Level,CA,2020-02-20 04:41:46,58.52,-117.14,6.8,84,40,2.24
390,Buraydah,SA,2020-02-20 04:41:46,26.33,43.98,53.6,76,0,8.05
391,Pangody,RU,2020-02-20 04:41:46,65.85,74.49,28.06,96,100,6.73
392,Aberdeen,GB,2020-02-20 04:41:45,57.14,-2.1,46.4,87,75,6.93
393,Mae Hong Son,TH,2020-02-20 04:41:47,19.3,97.97,78.8,50,77,2.24
394,Sosnogorsk,RU,2020-02-20 04:41:47,63.6,53.88,32.0,93,94,7.72
395,Kropotkin,RU,2020-02-20 04:41:47,45.44,40.58,40.59,80,100,5.79
396,Cacule,BR,2020-02-20 04:41:48,-14.5,-42.22,67.57,97,30,5.3
397,Namibe,AO,2020-02-20 04:41:48,-15.2,12.15,74.75,72,100,9.69
398,Plettenberg Bay,ZA,2020-02-20 04:41:48,-34.05,23.37,72.39,75,0,11.95
399,Ambilobe,MG,2020-02-20 04:41:48,-13.2,49.05,83.61,81,40,1.68
400,Padang,ID,2020-02-20 04:41:49,-0.95,100.35,85.73,52,21,5.03
401,Maksi,IN,2020-02-20 04:41:49,23.27,76.15,86.9,22,9,9.13
402,Kisangani,CD,2020-02-20 04:41:49,0.52,25.2,74.35,92,77,1.5
403,Venado Tuerto,AR,2020-02-20 04:41:49,-33.75,-61.97,63.0,70,0,13.13
404,Tambopata,PE,2020-02-20 04:41:50,-12.73,-69.18,74.82,81,95,2.66
405,Kerema,PG,2020-02-20 04:41:50,-7.96,145.78,89.6,58,77,2.77
406,Victor Harbor,AU,2020-02-20 04:41:50,-35.57,138.62,73.0,40,75,11.41
407,Pevek,RU,2020-02-20 04:41:51,69.7,170.31,-13.2,99,100,5.3
408,Teknaf,BD,2020-02-20 04:41:51,20.86,92.31,91.02,20,0,3.04
409,Lubartow,PL,2020-02-20 04:41:51,51.46,22.61,39.0,100,90,10.29
410,Ancud,CL,2020-02-20 04:41:52,-41.87,-73.82,48.2,76,0,12.75
411,Suclayin,PH,2020-02-20 04:41:52,15.76,121.55,73.63,58,39,3.09
412,Kalangala,UG,2020-02-20 04:41:52,-0.31,32.23,71.6,83,75,5.82
413,Shetpe,KZ,2020-02-20 04:41:06,44.17,52.12,39.54,64,97,8.59
414,Codrington,AU,2020-02-20 04:41:53,-38.27,141.97,58.96,70,75,13.42
415,Gizo,SB,2020-02-20 04:41:53,-8.1,156.84,80.6,81,11,9.73
416,Buzmeyin,TM,2020-02-20 04:41:53,38.05,58.21,35.6,39,20,6.93
417,Mohan,IN,2020-02-20 04:41:54,26.78,80.68,68.0,60,75,8.05
418,Salisbury,GB,2020-02-20 04:41:54,51.07,-1.8,48.99,93,100,17.22
419,Camacha,PT,2020-02-20 04:41:54,33.08,-16.33,60.8,62,75,13.87
420,Diu,IN,2020-02-20 04:41:54,20.71,70.98,76.28,72,0,7.58
421,Vila Velha,BR,2020-02-20 04:41:55,-20.33,-40.29,78.8,83,20,5.82
422,Jardim,BR,2020-02-20 04:41:55,-21.48,-56.14,71.98,97,100,3.6
423,Ulaangom,MN,2020-02-20 04:41:55,49.98,92.07,-0.96,94,78,4.0
424,Husavik,IS,2020-02-20 04:41:55,66.04,-17.34,33.8,93,90,16.11
425,Batagay-Alyta,RU,2020-02-20 04:41:55,67.8,130.41,-4.85,87,94,5.61
426,Cody,US,2020-02-20 04:41:56,44.53,-109.06,9.0,84,1,3.36
427,Salaga,GH,2020-02-20 04:41:56,8.55,-0.52,76.23,74,0,4.07
428,Mandurah,AU,2020-02-20 04:41:56,-32.55,115.7,95.0,24,75,14.99
429,Balkhash,KZ,2020-02-20 04:41:56,46.84,74.98,14.0,85,8,11.18
430,Bojnurd,IR,2020-02-20 04:41:57,37.47,57.33,33.8,80,90,10.18
431,Limon,CR,2020-02-20 04:41:57,10.0,-83.03,77.0,93,25,4.12
432,Dubai,AE,2020-02-20 04:38:39,25.26,55.3,68.0,40,67,2.24
433,Fonte Boa,BR,2020-02-20 04:41:57,-2.5,-66.27,74.37,89,92,2.66
434,Shakawe,BW,2020-02-20 04:41:58,-18.37,21.85,70.66,89,98,4.34
435,Port Augusta,AU,2020-02-20 04:41:58,-32.5,137.77,77.0,46,98,13.87
436,Oistins,BB,2020-02-20 04:41:58,13.07,-59.53,77.0,69,40,20.8
437,Nakambala,ZM,2020-02-20 04:41:58,-15.83,27.78,69.6,87,1,8.32
438,Itoman,JP,2020-02-20 04:41:59,26.12,127.67,71.6,46,40,8.05
439,Nema,RU,2020-02-20 04:41:59,57.51,50.5,32.23,95,99,9.1
440,Duekoue,CI,2020-02-20 04:41:59,6.75,-7.35,72.34,99,35,1.81
441,Tapa,EE,2020-02-20 04:41:59,59.26,25.96,37.0,100,90,4.7
442,Sunland Park,US,2020-02-20 04:42:00,31.8,-106.58,55.99,62,1,8.05
443,Latung,PH,2020-02-20 04:42:00,5.5,120.88,82.42,72,94,8.52
444,Pangnirtung,CA,2020-02-20 04:42:00,66.15,-65.71,-31.92,83,4,1.83
445,Novo Aripuana,BR,2020-02-20 04:42:01,-5.12,-60.38,74.3,99,100,1.97
446,Guerrero Negro,MX,2020-02-20 04:42:01,27.98,-114.06,59.07,86,0,8.12
447,Gijon,ES,2020-02-20 04:42:01,43.54,-5.66,43.0,93,1,5.82
448,Kharitonovo,RU,2020-02-20 04:42:01,61.4,47.5,32.29,97,100,7.11
449,San Vicente,AR,2020-02-20 04:42:02,-26.62,-54.13,68.16,91,82,2.48
450,Namtsy,RU,2020-02-20 04:42:02,62.72,129.67,-22.0,67,96,4.47
451,Baherden,TM,2020-02-20 04:42:02,38.44,57.43,46.13,48,100,10.83
452,Kununurra,AU,2020-02-20 04:42:02,-15.77,128.73,98.6,44,100,6.93
453,Kanadey,RU,2020-02-20 04:42:03,53.17,47.53,29.82,92,68,5.82
454,Manokwari,ID,2020-02-20 04:42:03,-0.87,134.08,81.55,67,14,10.16
455,Sampit,ID,2020-02-20 04:42:03,-2.53,112.95,94.24,46,48,3.22
456,Heihe,CN,2020-02-20 04:42:03,50.24,127.49,10.4,43,0,8.95
457,Kampot,KH,2020-02-20 04:42:04,10.62,104.18,87.8,62,20,13.87
458,Santa Vitoria Do Palmar,BR,2020-02-20 04:42:04,-33.52,-53.37,67.28,92,0,5.32
459,Saldanha,ZA,2020-02-20 04:42:04,-33.01,17.94,66.2,88,61,9.17
460,Voh,NC,2020-02-20 04:42:04,-20.97,164.7,80.83,71,6,9.37
461,Davila,PH,2020-02-20 04:42:05,18.47,120.58,82.4,48,20,11.41
462,Buala,SB,2020-02-20 04:42:05,-8.14,159.59,85.46,71,14,11.36
463,Grand Gaube,MU,2020-02-20 04:42:05,-20.01,57.66,80.6,69,40,8.05
464,Constitucion,CL,2020-02-20 04:42:05,-35.33,-72.42,56.26,52,0,6.93
465,San Matias,BO,2020-02-20 04:42:06,-16.37,-58.4,75.9,96,100,4.52
466,Verkhnyaya Inta,RU,2020-02-20 04:42:06,65.98,60.31,29.16,97,100,6.44
467,Ha Tinh,VN,2020-02-20 04:42:06,18.33,105.9,69.01,89,70,10.33
468,Trelew,AR,2020-02-20 04:42:07,-43.25,-65.31,51.69,35,0,10.63
469,Alindao,CF,2020-02-20 04:42:07,5.03,21.21,75.96,69,1,2.1
470,Kuhdasht,IR,2020-02-20 04:42:07,33.53,47.61,44.6,93,90,6.93
471,Ahuimanu,US,2020-02-20 04:42:08,21.44,-157.84,75.2,64,40,17.22
472,Tete,MZ,2020-02-20 04:42:08,-16.16,33.59,78.78,83,57,2.24
473,Krasnoselkup,RU,2020-02-20 04:42:08,65.7,82.47,28.98,95,100,14.25
474,Hirna,ET,2020-02-20 04:42:09,9.22,41.1,68.5,51,82,5.5
475,Palana,RU,2020-02-20 04:42:09,59.12,159.97,-8.86,91,100,1.01
476,Iqaluit,CA,2020-02-20 04:42:09,63.75,-68.51,-31.0,59,40,2.24
477,Carbonia,IT,2020-02-20 04:42:09,39.17,8.52,52.0,93,5,4.7
478,Bom Jesus,BR,2020-02-20 04:42:10,-9.07,-44.36,72.19,92,100,2.42
479,Vanino,RU,2020-02-20 04:42:10,49.09,140.25,13.86,84,100,4.09
480,Gazalkent,UZ,2020-02-20 04:42:10,41.56,69.77,33.8,69,0,4.7
481,Ilo,PE,2020-02-20 04:42:10,-17.64,-71.34,71.02,90,100,1.9
482,Sovetskiy,RU,2020-02-20 04:42:10,61.36,63.58,26.8,91,70,5.7
483,Siocon,PH,2020-02-20 04:42:11,7.71,122.14,83.21,71,2,19.98
484,Zhezkazgan,KZ,2020-02-20 04:42:11,47.8,67.71,6.8,92,20,4.47
485,Baruun-Urt,MN,2020-02-20 04:42:11,46.68,113.28,23.5,87,100,13.87
486,Beloha,MG,2020-02-20 04:42:12,-25.17,45.05,84.49,55,0,9.1
487,Aklavik,CA,2020-02-20 04:42:06,68.22,-135.01,14.0,92,90,6.93
488,Petropavlovsk-Kamchatskiy,RU,2020-02-20 04:42:12,53.05,158.65,23.0,38,0,8.95
489,Gondanglegi,ID,2020-02-20 04:42:12,-7.75,112.01,79.07,87,100,11.83
490,Pimentel,PE,2020-02-20 04:42:13,-6.84,-79.93,66.2,29,53,8.05
491,Katherine,AU,2020-02-20 04:42:13,-14.47,132.27,93.2,56,75,8.05
492,Saint Anthony,US,2020-02-20 04:42:13,45.02,-93.22,5.0,64,40,5.82
493,Kargopol,RU,2020-02-20 04:42:13,61.51,38.95,31.3,95,100,6.67
494,Xining,CN,2020-02-20 04:39:04,36.62,101.77,28.51,40,76,9.17
495,Fomboni,KM,2020-02-20 04:42:14,-12.28,43.74,85.96,69,28,6.98
496,Winnemucca,US,2020-02-20 04:40:43,40.97,-117.74,32.0,35,1,13.87
497,Marsh Harbour,BS,2020-02-20 04:42:14,26.54,-77.06,74.68,84,2,9.57
498,Zhanaozen,KZ,2020-02-20 04:42:15,43.3,52.8,38.03,52,87,8.52
499,Matara,LK,2020-02-20 04:42:15,5.95,80.54,89.76,48,0,9.4
500,Xalpatlahuac,MX,2020-02-20 04:42:15,17.47,-98.62,60.01,59,0,4.09
501,Mount Isa,AU,2020-02-20 04:42:15,-20.73,139.5,96.8,19,0,9.17
502,Cairns,AU,2020-02-20 04:40:10,-16.92,145.77,93.99,55,71,8.05
503,Djambala,CG,2020-02-20 04:42:16,-2.54,14.75,70.56,87,98,1.86
504,Makakilo City,US,2020-02-20 04:42:16,21.35,-158.09,75.2,88,90,9.17
505,Pacific Grove,US,2020-02-20 04:42:17,36.62,-121.92,53.01,81,1,5.7
506,Kenora,CA,2020-02-20 04:42:17,49.82,-94.43,-7.6,69,5,4.7
507,Banjar,ID,2020-02-20 04:42:17,-8.19,114.97,86.0,84,40,9.17
508,High Prairie,CA,2020-02-20 04:42:05,55.43,-116.49,25.0,86,28,5.64
509,Karratha,AU,2020-02-20 04:42:18,-20.74,116.85,84.4,81,0,13.0
510,Bijie,CN,2020-02-20 04:42:18,27.31,105.29,43.52,94,100,5.86
511,Kitob,UZ,2020-02-20 04:42:18,39.08,66.83,45.95,42,0,2.17
512,Nouadhibou,MR,2020-02-20 04:42:18,20.93,-17.03,64.4,77,0,18.34
513,Kambove,CD,2020-02-20 04:42:19,-10.88,26.6,64.2,93,100,1.61
514,Kachiry,KZ,2020-02-20 04:42:19,53.07,76.1,23.05,83,100,17.72
515,Viedma,AR,2020-02-20 04:42:19,-40.81,-63.0,56.46,45,0,11.16
516,Mogocha,RU,2020-02-20 04:42:19,53.73,119.77,12.52,81,44,1.52
517,Banda Aceh,ID,2020-02-20 04:38:01,5.56,95.32,88.23,54,3,10.67
518,Mahebourg,MU,2020-02-20 04:42:20,-20.41,57.7,80.6,69,40,8.05
519,Comodoro Rivadavia,AR,2020-02-20 04:42:20,-45.87,-67.5,59.0,54,0,10.29
520,Asau,RO,2020-02-20 04:42:20,46.43,26.4,35.01,92,100,3.36
521,Torata,PE,2020-02-20 04:42:21,-17.08,-70.84,61.09,89,100,2.51
522,Praya,CV,2020-02-20 04:42:21,14.92,-23.51,67.84,86,91,16.98
523,Buckeye,US,2020-02-20 04:41:11,33.37,-112.58,66.2,47,1,6.93
524,Strezhevoy,RU,2020-02-20 04:42:21,60.73,77.59,32.0,92,75,11.18
525,Middelburg,ZA,2020-02-20 04:42:22,-25.78,29.46,65.93,81,76,4.54
526,Loreto,MX,2020-02-20 04:42:22,22.27,-101.97,59.32,59,0,2.13
527,Salta,AR,2020-02-20 04:42:22,-24.79,-65.41,68.0,93,75,3.36
528,Oxbow,CA,2020-02-20 04:42:22,49.23,-102.17,-2.2,70,1,6.93
529,Koroni,GR,2020-02-20 04:42:04,36.8,21.95,55.0,87,20,3.96
530,Sioux Lookout,CA,2020-02-20 04:42:23,50.1,-91.92,-9.4,75,5,4.7
531,Palmer,US,2020-02-20 04:42:23,42.16,-72.33,28.4,45,20,12.75
532,Borogontsy,RU,2020-02-20 04:42:23,62.67,131.17,-10.5,92,100,2.62
533,Sangin,AF,2020-02-20 04:42:24,32.07,64.84,49.42,28,0,3.38
534,Macas,EC,2020-02-20 04:42:24,-2.32,-78.12,63.27,98,32,2.28
535,Alugan,PH,2020-02-20 04:42:24,12.22,125.48,79.12,81,14,19.42
536,Skibbereen,IE,2020-02-20 04:42:24,51.55,-9.27,44.6,100,75,11.41
537,Rabaul,PG,2020-02-20 04:42:25,-4.2,152.17,83.26,75,6,20.6
538,Dandong,CN,2020-02-20 04:42:25,40.13,124.39,41.13,47,6,3.62
539,Salinopolis,BR,2020-02-20 04:42:25,-0.61,-47.36,80.11,83,100,12.77
540,Owando,CG,2020-02-20 04:42:26,-0.48,15.9,73.13,87,34,3.91
541,Eureka,US,2020-02-20 04:42:26,40.8,-124.16,45.0,100,1,3.65
542,Ahipara,NZ,2020-02-20 04:42:26,-35.17,173.17,70.72,80,79,7.92
543,Tomatlan,MX,2020-02-20 04:42:26,19.93,-105.25,68.31,76,0,2.15
544,Berlevag,NO,2020-02-20 04:42:27,70.86,29.09,26.6,79,40,12.75
545,Black River,JM,2020-02-20 04:42:27,18.03,-77.85,77.0,78,20,2.24
546,Den Helder,NL,2020-02-20 04:42:27,52.96,4.76,48.2,93,75,23.04
547,Kahului,US,2020-02-20 04:38:19,20.89,-156.47,73.4,78,40,16.11
548,Flinders,AU,2020-02-20 04:42:28,-34.58,150.86,77.0,49,2,14.99
549,Suslovo,RU,2020-02-20 04:42:28,56.22,88.12,29.52,84,97,17.25
550,Margate,GB,2020-02-20 04:42:28,51.38,1.39,48.99,87,75,16.11
551,Palasa,IN,2020-02-20 04:42:28,18.77,84.42,84.07,41,0,6.31
552,Biu,NG,2020-02-20 04:42:28,10.61,12.19,67.84,30,54,7.81
553,Kongolo,CD,2020-02-20 04:42:29,-5.38,27.0,73.92,94,77,0.94
554,Nishihara,JP,2020-02-20 04:42:29,26.18,127.76,71.6,46,40,8.05
555,Roald,NO,2020-02-20 04:42:29,62.58,6.13,46.0,60,100,14.99
556,Sarakhs,IR,2020-02-20 04:42:29,36.54,61.16,39.2,69,67,20.8
557,Manavalakurichi,IN,2020-02-20 04:42:30,8.13,77.3,86.0,66,20,3.36
558,Vila,PT,2020-02-20 04:42:30,42.03,-8.16,50.0,100,20,1.12
559,Castelnau-Le-Lez,FR,2020-02-20 04:42:30,43.63,3.9,41.0,80,34,5.82
560,Sheregesh,RU,2020-02-20 04:42:31,52.92,87.99,23.05,90,100,7.76
561,Fortuna,US,2020-02-20 04:42:31,40.6,-124.16,45.0,100,1,3.51
562,North Bend,US,2020-02-20 04:42:31,43.41,-124.22,48.0,87,1,4.7
563,Moerai,PF,2020-02-20 04:42:31,-22.43,-151.33,81.36,83,100,11.79
564,Vilyuysk,RU,2020-02-20 04:42:32,63.76,121.62,9.1,92,100,7.29
565,Ambulu,ID,2020-02-20 04:42:32,-8.35,113.61,82.76,76,79,11.92
566,Yanam,IN,2020-02-20 04:42:32,16.73,82.22,80.6,65,20,4.7
567,Sandpoint,US,2020-02-20 04:42:32,48.28,-116.55,28.99,79,1,4.7
568,Vestmannaeyjar,IS,2020-02-20 04:42:33,63.44,-20.27,39.51,70,76,22.59
569,Puerto Narino,CO,2020-02-20 04:42:33,-3.77,-70.38,78.8,100,40,2.06
570,Snasa,NO,2020-02-20 04:42:33,64.25,12.38,11.68,96,85,11.03
571,Saint-Augustin,CA,2020-02-20 04:42:33,51.23,-58.65,12.9,73,100,23.64
572,Barabinsk,RU,2020-02-20 04:42:34,55.36,78.36,30.04,96,100,14.85
573,Antalya,TR,2020-02-20 04:42:34,36.77,30.72,51.01,75,27,8.05
574,Evensk,RU,2020-02-20 04:42:34,61.95,159.23,-9.04,72,67,2.33
575,Katobu,ID,2020-02-20 04:42:34,-4.94,122.53,77.4,94,98,3.6
576,Edemissen,DE,2020-02-20 04:42:35,52.39,10.26,42.01,86,75,11.41
577,Pitimbu,BR,2020-02-20 04:42:35,-7.47,-34.81,75.2,100,90,6.93
578,Santa Maria,BR,2020-02-20 04:42:35,-29.68,-53.81,61.84,71,68,0.45
579,Sikonge,TZ,2020-02-20 04:42:35,-5.63,32.77,64.4,100,20,3.53
580,Sorkjosen,NO,2020-02-20 04:42:35,69.8,20.93,28.17,58,83,13.94
581,Irtyshskiy,RU,2020-02-20 04:42:36,58.33,68.13,32.61,99,100,6.64
582,Posse,BR,2020-02-20 04:42:36,-14.09,-46.37,68.88,91,83,2.33
583,Merritt Island,US,2020-02-20 04:42:36,28.54,-80.67,73.0,94,1,3.36
584,Saint-Joseph,RE,2020-02-20 04:42:36,-21.37,55.62,82.4,65,20,11.41
585,Darapidap,PH,2020-02-20 04:42:37,17.21,120.41,81.23,48,0,8.43
586,Puerto Maldonado,PE,2020-02-20 04:41:13,-12.6,-69.18,74.82,81,95,2.66
587,Varkkallai,IN,2020-02-20 04:42:37,8.73,76.71,86.0,66,20,3.36
588,Gavle,SE,2020-02-20 04:42:38,60.67,17.14,19.99,88,71,6.31
589,Jinji,CN,2020-02-20 04:42:38,23.23,110.83,75.99,62,87,6.53
590,Broken Hill,AU,2020-02-20 04:42:38,-31.95,141.43,75.2,27,94,11.41
591,Williston,US,2020-02-20 04:42:39,48.15,-103.62,6.01,77,1,6.62
592,Te Anau,NZ,2020-02-20 04:42:39,-45.42,167.72,62.46,78,96,8.03
593,Mala,PE,2020-02-20 04:42:39,-12.66,-76.63,67.93,85,100,1.25
594,Pendleton,US,2020-02-20 04:42:39,45.67,-118.79,37.99,74,1,6.93
