City_ID,City,Country,Date,Lat,Lng,Max Temp,Humidity,Cloudiness,Wind Speed,Current Description,Snow inches (last 3 hours),Rain inches (last 3 hours)
0,Tuktoyaktuk,CA,2020-02-23 17:51:36,69.45,-133.04,-7.6,83,90,13.87,light snow,0.0,0.0
1,Severo-Kurilsk,RU,2020-02-23 17:55:57,50.68,156.12,23.5,96,100,37.63,snow,3.06,0.0
2,Atuona,PF,2020-02-23 17:55:57,-9.8,-139.03,81.3,78,20,15.3,light rain,0.0,0.5
3,Hermanus,ZA,2020-02-23 17:55:58,-34.42,19.23,66.0,70,0,5.01,clear sky,0.0,0.0
4,Altamira,BR,2020-02-23 17:52:45,-3.2,-52.21,82.4,83,75,8.05,broken clouds,0.0,0.0
5,Mataura,NZ,2020-02-23 17:55:58,-46.19,168.86,51.01,91,93,1.99,overcast clouds,0.0,0.0
6,Kapaa,US,2020-02-23 17:51:41,22.08,-159.32,66.2,88,1,9.17,clear sky,0.0,0.0
7,Bereda,ES,2020-02-23 17:53:46,43.27,-7.54,54.0,81,20,4.7,few clouds,0.0,0.0
8,Bon Accord,CA,2020-02-23 17:55:59,53.83,-113.42,28.0,52,1,8.05,clear sky,0.0,0.0
9,Hilo,US,2020-02-23 17:51:10,19.73,-155.09,68.0,68,1,6.93,clear sky,0.0,0.0
10,Avarua,CK,2020-02-23 17:55:59,-21.21,-159.78,80.6,94,100,6.93,light rain,0.0,0.0
11,Avanigadda,IN,2020-02-23 17:56:00,16.02,80.92,75.2,88,78,2.24,mist,0.0,0.0
12,Kaitong,CN,2020-02-23 17:56:00,44.81,123.15,21.74,65,0,9.82,clear sky,0.0,0.0
13,Sept-Iles,CA,2020-02-23 17:53:10,50.2,-66.38,35.01,89,75,9.17,light snow,0.0,0.0
14,Oum Hadjer,TD,2020-02-23 17:56:00,13.3,19.7,80.98,10,0,12.66,clear sky,0.0,0.0
15,Bonthe,SL,2020-02-23 17:56:00,7.53,-12.51,84.92,69,19,13.18,few clouds,0.0,0.0
16,Ostrovnoy,RU,2020-02-23 17:56:01,68.05,39.51,30.78,94,100,17.78,light snow,0.63,0.0
17,Tenenkou,ML,2020-02-23 17:56:01,14.46,-4.92,97.02,7,11,11.18,few clouds,0.0,0.0
18,Makakilo City,US,2020-02-23 17:52:02,21.35,-158.09,73.4,100,1,0.45,clear sky,0.0,0.0
19,Yellowknife,CA,2020-02-23 17:56:02,62.46,-114.35,-8.0,69,40,8.05,scattered clouds,0.0,0.0
20,Inyonga,TZ,2020-02-23 17:56:02,-6.72,32.07,70.12,92,98,1.66,light rain,0.0,1.12
21,Torbay,CA,2020-02-23 17:51:51,47.67,-52.73,37.99,69,40,24.16,scattered clouds,0.0,0.0
22,Sobolevo,RU,2020-02-23 17:56:02,54.43,31.9,34.09,81,79,12.53,broken clouds,0.0,0.0
23,Bluff,NZ,2020-02-23 17:56:03,-46.6,168.33,51.01,91,40,1.99,scattered clouds,0.0,0.0
24,Rikitea,PF,2020-02-23 17:51:17,-23.12,-134.97,78.37,74,2,8.25,light rain,0.0,0.44
25,Hobart,AU,2020-02-23 17:52:23,-42.88,147.33,57.2,76,99,2.24,overcast clouds,0.0,0.0
26,Rantepao,ID,2020-02-23 17:56:03,-2.97,119.9,68.25,98,100,0.74,moderate rain,0.0,4.13
27,Ushuaia,AR,2020-02-23 17:55:04,-54.8,-68.3,50.0,76,75,9.17,light intensity drizzle,0.0,0.0
28,Isangel,VU,2020-02-23 17:52:53,-19.55,169.27,77.16,78,29,13.98,scattered clouds,0.0,0.0
29,Jamestown,US,2020-02-23 17:56:04,42.1,-79.24,48.2,32,1,13.87,clear sky,0.0,0.0
30,Puerto Ayora,EC,2020-02-23 17:51:11,-0.74,-90.35,84.2,74,20,12.75,few clouds,0.0,0.0
31,Marawi,PH,2020-02-23 17:55:34,8.0,124.29,75.99,84,38,5.01,scattered clouds,0.0,0.0
32,Chuy,UY,2020-02-23 17:52:13,-33.7,-53.46,71.78,59,66,4.61,broken clouds,0.0,0.0
33,Ribeira Grande,PT,2020-02-23 17:56:05,38.52,-28.7,62.6,67,40,5.82,scattered clouds,0.0,0.0
34,Upernavik,GL,2020-02-23 17:52:25,72.79,-56.15,-16.91,80,0,6.64,clear sky,0.0,0.0
35,Cidreira,BR,2020-02-23 17:56:06,-30.18,-50.21,71.91,62,1,12.26,clear sky,0.0,0.0
36,Georgetown,MY,2020-02-23 17:56:06,5.41,100.34,80.6,65,20,10.29,few clouds,0.0,0.0
37,Leningradskiy,RU,2020-02-23 17:51:09,69.38,178.42,-12.39,75,100,6.31,overcast clouds,0.0,0.0
38,Chokurdakh,RU,2020-02-23 17:51:35,70.63,147.92,-22.4,99,96,3.74,overcast clouds,0.0,0.0
39,Geraldton,AU,2020-02-23 17:56:07,-28.77,114.6,71.6,94,0,2.24,clear sky,0.0,0.0
40,College,US,2020-02-23 17:56:07,64.86,-147.8,-4.0,75,1,0.98,clear sky,0.0,0.0
41,Mar Del Plata,AR,2020-02-23 17:54:38,-38.0,-57.56,81.0,50,20,12.75,few clouds,0.0,0.0
42,Albany,US,2020-02-23 17:49:46,42.6,-73.97,51.01,33,40,5.82,scattered clouds,0.0,0.0
43,Bethel,US,2020-02-23 17:56:08,41.37,-73.41,55.0,29,1,10.29,clear sky,0.0,0.0
44,Auki,SB,2020-02-23 17:56:08,-8.77,160.7,82.81,79,5,7.23,light rain,0.0,0.87
45,Castro,BR,2020-02-23 17:56:08,-24.79,-50.01,79.45,39,100,1.3,overcast clouds,0.0,0.0
46,Victoria,HK,2020-02-23 17:56:09,22.29,114.16,71.01,59,66,20.8,broken clouds,0.0,0.0
47,Aloleng,PH,2020-02-23 17:56:09,16.13,119.78,72.82,69,79,7.96,broken clouds,0.0,0.0
48,Taksimo,RU,2020-02-23 17:56:09,56.34,114.88,3.38,82,98,4.59,overcast clouds,0.0,0.0
49,Rio Grande,BR,2020-02-23 17:53:48,-32.03,-52.1,78.8,47,20,9.17,few clouds,0.0,0.0
50,Sitka,US,2020-02-23 17:52:31,57.05,-135.33,33.8,86,90,16.02,moderate rain,0.0,0.0
51,Vaini,TO,2020-02-23 17:56:10,-21.2,-175.2,77.0,100,75,6.93,broken clouds,0.0,0.0
52,Tocopilla,CL,2020-02-23 17:56:10,-22.09,-70.2,73.71,47,5,14.97,clear sky,0.0,0.0
53,Ponta Do Sol,PT,2020-02-23 17:52:15,32.67,-17.1,71.01,60,20,18.34,few clouds,0.0,0.0
54,Ahipara,NZ,2020-02-23 17:52:13,-35.17,173.17,57.0,100,0,16.87,clear sky,0.0,0.0
55,Viedma,AR,2020-02-23 17:56:11,-40.81,-63.0,89.35,21,0,20.98,clear sky,0.0,0.0
56,Baykit,RU,2020-02-23 17:56:11,61.67,96.37,9.82,96,100,3.11,overcast clouds,0.0,0.0
57,Portoferraio,IT,2020-02-23 17:56:11,42.81,10.31,57.99,87,75,7.38,broken clouds,0.0,0.0
58,Port Alfred,ZA,2020-02-23 17:56:11,-33.59,26.89,64.99,80,52,8.03,broken clouds,0.0,0.0
59,Saldanha,ZA,2020-02-23 17:52:30,-33.01,17.94,86.0,23,0,16.11,clear sky,0.0,0.0
60,Pisco,PE,2020-02-23 17:56:12,-13.7,-76.22,78.01,30,40,9.17,scattered clouds,0.0,0.0
61,Port Elizabeth,ZA,2020-02-23 17:56:12,-33.92,25.57,64.4,68,20,6.93,few clouds,0.0,0.0
62,Yaan,NG,2020-02-23 17:56:12,7.38,8.57,92.53,10,57,4.18,broken clouds,0.0,0.0
63,Fairbanks,US,2020-02-23 17:52:30,64.84,-147.72,-5.8,75,1,2.17,clear sky,0.0,0.0
64,Sinnamary,GF,2020-02-23 17:56:13,5.38,-52.95,79.25,82,58,15.9,light rain,0.0,0.19
65,Nikolskoye,RU,2020-02-23 17:56:13,59.7,30.79,37.4,90,75,8.95,light intensity shower rain,0.0,0.0
66,Mana,GF,2020-02-23 17:56:13,5.66,-53.78,85.12,64,55,8.28,light rain,0.0,0.25
67,Palana,RU,2020-02-23 17:56:13,59.12,159.97,3.15,67,100,5.48,overcast clouds,0.0,0.0
68,Cayenne,GF,2020-02-23 17:56:14,4.93,-52.33,84.2,70,75,14.99,broken clouds,0.0,0.0
69,Atambua,ID,2020-02-23 17:53:43,-9.11,124.89,75.07,86,44,2.13,scattered clouds,0.0,0.0
70,Taketa,JP,2020-02-23 17:56:14,32.97,131.38,39.0,70,0,3.0,clear sky,0.0,0.0
71,Diffa,NE,2020-02-23 17:56:14,13.32,12.61,78.84,13,0,10.8,clear sky,0.0,0.0
72,Nemuro,JP,2020-02-23 17:56:15,43.32,145.57,28.53,78,58,22.68,broken clouds,0.0,0.0
73,Airai,TL,2020-02-23 17:56:15,-8.93,125.41,66.96,87,74,4.16,broken clouds,0.0,0.0
74,Chistogorskiy,RU,2020-02-23 17:56:15,53.98,87.38,14.47,97,64,2.15,broken clouds,0.0,0.0
75,Lahad Datu,MY,2020-02-23 17:56:15,5.03,118.33,72.84,94,14,5.82,few clouds,0.0,0.0
76,Ballina,AU,2020-02-23 17:56:16,-28.87,153.57,68.0,100,90,9.84,overcast clouds,0.0,0.0
77,Cabo San Lucas,MX,2020-02-23 17:55:49,22.89,-109.91,84.0,47,75,11.45,broken clouds,0.0,0.0
78,Bengkulu,ID,2020-02-23 17:56:16,-3.8,102.27,74.64,90,15,4.23,few clouds,0.0,0.0
79,Lompoc,US,2020-02-23 17:51:12,34.64,-120.46,62.01,71,90,3.36,overcast clouds,0.0,0.0
80,Butaritari,KI,2020-02-23 17:56:17,3.07,172.79,84.7,76,100,17.56,moderate rain,0.0,6.37
81,Saint-Francois,FR,2020-02-23 17:56:17,46.42,3.91,57.2,58,20,5.82,few clouds,0.0,0.0
82,East London,ZA,2020-02-23 17:51:49,-33.02,27.91,66.2,72,20,5.82,few clouds,0.0,0.0
83,Saskylakh,RU,2020-02-23 17:51:15,71.92,114.08,6.31,85,100,8.46,overcast clouds,0.0,0.0
84,Lebu,CL,2020-02-23 17:51:08,-37.62,-73.65,69.19,57,2,9.35,clear sky,0.0,0.0
85,Busselton,AU,2020-02-23 17:51:18,-33.65,115.33,69.01,43,93,15.14,light rain,0.0,0.69
86,Taltal,CL,2020-02-23 17:56:18,-25.4,-70.48,67.53,69,11,6.96,few clouds,0.0,0.0
87,Lavrentiya,RU,2020-02-23 17:56:19,65.58,-171.0,-9.58,77,16,5.1,few clouds,0.0,0.0
88,Kodiak,US,2020-02-23 17:53:48,57.79,-152.41,17.6,48,1,33.33,clear sky,0.0,0.0
89,Jinxiang,CN,2020-02-23 17:56:19,22.86,115.7,61.68,72,33,3.74,scattered clouds,0.0,0.0
90,Khatanga,RU,2020-02-23 17:56:19,71.97,102.5,12.67,92,98,15.46,light snow,0.25,0.0
91,Los Llanos De Aridane,ES,2020-02-23 17:56:20,28.66,-17.92,73.4,56,90,9.17,haze,0.0,0.0
92,Payo,ID,2020-02-23 17:56:20,-3.75,103.64,68.99,98,79,1.99,light rain,0.0,1.31
93,Codrington,AU,2020-02-23 17:52:34,-38.27,141.97,62.11,87,99,14.76,overcast clouds,0.0,0.0
94,San Cristobal,VE,2020-02-23 17:54:00,7.77,-72.22,77.0,78,75,4.7,broken clouds,0.0,0.0
95,Padang,ID,2020-02-23 17:56:21,-0.95,100.35,70.88,84,0,6.73,clear sky,0.0,0.0
96,Muroto,JP,2020-02-23 17:53:08,33.28,134.15,39.31,57,0,4.47,clear sky,0.0,0.0
97,Hithadhoo,MV,2020-02-23 17:56:21,-0.6,73.08,83.26,78,100,14.05,light rain,0.0,2.13
98,Iqaluit,CA,2020-02-23 17:54:41,63.75,-68.51,-23.01,55,20,12.75,few clouds,0.0,0.0
99,Sao Filipe,CV,2020-02-23 17:56:22,14.9,-24.5,68.52,83,100,18.84,overcast clouds,0.0,0.0
100,Qaqortoq,GL,2020-02-23 17:56:22,60.72,-46.03,24.8,58,100,8.05,light snow,1.0,0.0
101,Verkhnyaya Inta,RU,2020-02-23 17:56:22,65.98,60.31,21.24,79,53,11.56,broken clouds,0.0,0.0
102,Mount Gambier,AU,2020-02-23 17:56:23,-37.83,140.77,57.2,93,96,10.29,overcast clouds,0.0,0.0
103,Beringovskiy,RU,2020-02-23 17:56:23,63.05,179.32,-13.83,87,17,2.01,few clouds,0.0,0.0
104,Lagoa,PT,2020-02-23 17:56:23,39.05,-27.98,60.24,78,15,11.54,few clouds,0.0,0.0
105,Kuching,MY,2020-02-23 17:56:24,1.55,110.33,77.0,100,40,2.24,scattered clouds,0.0,0.0
106,Punta Arenas,CL,2020-02-23 17:51:15,-53.15,-70.92,55.4,58,75,23.04,broken clouds,0.0,0.0
107,Te Anau,NZ,2020-02-23 17:56:24,-45.42,167.72,47.43,83,38,4.32,scattered clouds,0.0,0.0
108,Vanimo,PG,2020-02-23 17:56:25,-2.67,141.3,82.33,80,100,18.84,light rain,0.0,1.37
109,Cotacachi,EC,2020-02-23 17:56:25,0.3,-78.27,71.6,49,75,2.24,broken clouds,0.0,0.0
110,Laguna,US,2020-02-23 17:56:25,38.42,-121.42,57.99,81,20,5.82,few clouds,0.0,0.0
111,Harnosand,SE,2020-02-23 17:56:25,62.63,17.94,37.99,55,40,9.17,scattered clouds,0.0,0.0
112,Rongcheng,CN,2020-02-23 17:56:26,30.63,117.85,53.01,86,43,4.79,scattered clouds,0.0,0.0
113,Mamallapuram,IN,2020-02-23 17:56:26,12.63,80.17,81.0,78,40,5.82,mist,0.0,0.0
114,Trairi,BR,2020-02-23 17:56:26,-3.28,-39.27,83.08,70,94,4.32,overcast clouds,0.0,0.0
115,Kupang,ID,2020-02-23 17:56:26,-10.17,123.58,83.73,79,50,11.65,scattered clouds,0.0,0.0
116,Thompson,CA,2020-02-23 17:52:24,55.74,-97.86,12.2,72,75,5.82,broken clouds,0.0,0.0
117,Faanui,PF,2020-02-23 17:56:27,-16.48,-151.75,82.67,70,66,10.54,broken clouds,0.0,0.0
118,Saint-Pierre,RE,2020-02-23 17:56:27,-21.34,55.48,78.8,78,20,2.24,few clouds,0.0,0.0
119,Arraial Do Cabo,BR,2020-02-23 17:56:27,-22.97,-42.03,80.6,69,75,8.05,broken clouds,0.0,0.0
120,Puqi,CN,2020-02-23 17:56:28,29.72,113.88,58.1,81,68,3.04,broken clouds,0.0,0.0
121,Bredasdorp,ZA,2020-02-23 17:51:17,-34.53,20.04,68.0,49,0,17.22,clear sky,0.0,0.0
122,Sumenep,ID,2020-02-23 17:56:28,-7.02,113.87,79.9,83,68,7.96,light rain,0.0,0.31
123,Boa Vista,BR,2020-02-23 17:55:09,2.82,-60.67,95.0,36,75,9.17,broken clouds,0.0,0.0
124,Fortuna,US,2020-02-23 17:56:29,40.6,-124.16,52.0,76,40,3.24,scattered clouds,0.0,0.0
125,Gwadar,PK,2020-02-23 17:56:29,25.12,62.33,73.04,76,0,10.69,clear sky,0.0,0.0
126,Nanning,CN,2020-02-23 17:56:29,22.82,108.32,60.8,87,0,2.24,clear sky,0.0,0.0
127,Tasiilaq,GL,2020-02-23 17:56:30,65.61,-37.64,10.4,66,96,8.46,overcast clouds,0.0,0.0
128,Upata,VE,2020-02-23 17:56:30,8.01,-62.4,93.49,34,72,5.79,broken clouds,0.0,0.0
129,Yerofey Pavlovich,RU,2020-02-23 17:56:30,53.97,121.97,0.9,87,81,3.67,broken clouds,0.0,0.0
130,Qaanaaq,GL,2020-02-23 17:56:30,77.48,-69.36,-19.57,78,24,5.01,few clouds,0.0,0.0
131,Strezhevoy,RU,2020-02-23 17:56:31,60.73,77.59,15.8,66,22,8.95,few clouds,0.0,0.0
132,Ancud,CL,2020-02-23 17:56:31,-41.87,-73.82,62.6,67,75,10.29,broken clouds,0.0,0.0
133,Umm Lajj,SA,2020-02-23 17:56:31,25.02,37.27,64.33,51,100,7.27,overcast clouds,0.0,0.0
134,Keningau,MY,2020-02-23 17:56:31,5.34,116.16,77.0,83,20,5.14,few clouds,0.0,0.0
135,Carnarvon,AU,2020-02-23 17:51:12,-24.87,113.63,77.0,83,0,10.29,clear sky,0.0,0.0
136,Sao Joao Da Barra,BR,2020-02-23 17:56:32,-21.64,-41.05,78.8,61,90,16.11,overcast clouds,0.0,0.0
137,Ust-Nera,RU,2020-02-23 17:56:32,64.57,143.2,-33.27,100,100,1.39,overcast clouds,0.0,0.0
138,Miyako,JP,2020-02-23 17:56:32,39.64,141.95,32.95,55,0,0.85,clear sky,0.0,0.0
139,Palmer,US,2020-02-23 17:56:32,42.16,-72.33,54.0,29,20,8.05,few clouds,0.0,0.0
140,Aksu,CN,2020-02-23 17:56:33,41.12,80.26,39.38,44,100,5.48,overcast clouds,0.0,0.0
141,Camacupa,AO,2020-02-23 17:56:33,-12.02,17.48,66.67,95,100,4.47,moderate rain,0.0,6.5
142,Dikson,RU,2020-02-23 17:56:33,73.51,80.55,30.27,95,100,27.36,snow,1.75,0.0
143,New Norfolk,AU,2020-02-23 17:56:34,-42.78,147.06,57.2,76,97,2.24,overcast clouds,0.0,0.0
144,Talcahuano,CL,2020-02-23 17:54:55,-36.72,-73.12,60.8,77,90,4.7,overcast clouds,0.0,0.0
145,Luderitz,NA,2020-02-23 17:51:15,-26.65,15.16,68.49,71,0,27.65,clear sky,0.0,0.0
146,Esperance,AU,2020-02-23 17:52:15,-33.87,121.9,66.2,88,75,10.29,broken clouds,0.0,0.0
147,Virtsu,EE,2020-02-23 17:56:35,58.57,23.51,41.0,80,32,10.29,scattered clouds,0.0,0.0
148,Maneadero,MX,2020-02-23 17:56:35,31.72,-116.57,62.01,79,31,4.0,scattered clouds,0.0,0.0
149,Kasongo-Lunda,CD,2020-02-23 17:56:35,-6.47,16.82,70.99,89,100,5.03,overcast clouds,0.0,0.0
150,Barrow,US,2020-02-23 17:50:02,71.29,-156.79,-29.2,81,75,8.05,broken clouds,0.0,0.0
151,Yantal,RU,2020-02-23 17:56:35,56.85,105.25,12.09,97,95,3.87,light snow,0.25,0.0
152,Aquiraz,BR,2020-02-23 17:56:36,-3.9,-38.39,87.8,66,75,9.17,broken clouds,0.0,0.0
153,Pathein,MM,2020-02-23 17:56:36,16.78,94.73,75.43,68,0,7.49,clear sky,0.0,0.0
154,Raudeberg,NO,2020-02-23 17:56:36,61.99,5.14,35.6,71,40,20.8,light rain,0.0,0.0
155,Iwanai,JP,2020-02-23 17:56:36,42.97,140.51,27.9,78,98,11.95,overcast clouds,0.0,0.0
156,Manzanillo,CU,2020-02-23 17:56:37,20.34,-77.12,86.99,40,6,13.04,clear sky,0.0,0.0
157,Koidu,SL,2020-02-23 17:56:37,8.42,-10.83,94.8,29,23,3.49,few clouds,0.0,0.0
158,Lere,NG,2020-02-23 17:56:37,10.39,8.57,79.75,12,27,7.94,scattered clouds,0.0,0.0
159,Grindavik,IS,2020-02-23 17:56:37,63.84,-22.43,32.0,64,90,17.22,light shower snow,0.0,0.0
160,Progreso,MX,2020-02-23 17:53:02,21.28,-89.67,80.01,50,75,6.93,broken clouds,0.0,0.0
161,Cape Town,ZA,2020-02-23 17:49:33,-33.93,18.42,75.2,44,0,21.92,clear sky,0.0,0.0
162,Skibbereen,IE,2020-02-23 17:56:38,51.55,-9.27,44.6,87,75,4.7,light rain,0.0,0.0
163,Batagay,RU,2020-02-23 17:56:39,67.63,134.63,-12.55,99,95,1.74,overcast clouds,0.0,0.0
164,Kirakira,SB,2020-02-23 17:56:39,-10.45,161.92,77.22,88,1,6.15,clear sky,0.0,0.0
165,The Valley,AI,2020-02-23 17:55:30,18.22,-63.06,86.0,65,20,9.17,few clouds,0.0,0.0
166,San Borja,BO,2020-02-23 17:54:19,-14.82,-66.85,84.16,41,23,5.7,few clouds,0.0,0.0
167,Qandala,SO,2020-02-23 17:56:40,11.47,49.87,74.97,77,30,8.39,scattered clouds,0.0,0.0
168,Bathsheba,BB,2020-02-23 17:52:39,13.22,-59.52,86.0,66,40,16.11,shower rain,0.0,0.0
169,Marsh Harbour,BS,2020-02-23 17:56:40,26.54,-77.06,67.98,65,79,17.81,light rain,0.0,0.13
170,Baherden,TM,2020-02-23 17:56:40,38.44,57.43,56.61,56,2,8.77,clear sky,0.0,0.0
171,Portland,US,2020-02-23 17:54:52,45.52,-122.68,48.2,76,90,14.99,light rain,0.0,0.0
172,Mattru,SL,2020-02-23 17:56:41,7.62,-11.83,87.3,62,37,11.21,scattered clouds,0.0,0.0
173,Necochea,AR,2020-02-23 17:51:56,-38.55,-58.74,90.0,20,0,8.01,clear sky,0.0,0.0
174,Souillac,MU,2020-02-23 17:51:12,-20.52,57.52,78.01,94,75,9.17,shower rain,0.0,0.0
175,Vostok,RU,2020-02-23 17:56:42,46.49,135.88,2.64,95,51,4.54,broken clouds,0.0,0.0
176,Xuddur,SO,2020-02-23 17:56:42,4.12,43.89,80.11,24,67,11.23,broken clouds,0.0,0.0
177,Santa Barbara,US,2020-02-23 17:51:58,34.42,-119.7,62.01,62,1,3.33,clear sky,0.0,0.0
178,Zhangye,CN,2020-02-23 17:56:43,38.93,100.45,32.14,40,28,2.06,scattered clouds,0.0,0.0
179,Kruisfontein,ZA,2020-02-23 17:52:25,-34.0,24.73,58.96,73,9,8.16,clear sky,0.0,0.0
180,Nishihara,JP,2020-02-23 17:56:43,26.18,127.76,62.6,67,75,4.7,broken clouds,0.0,0.0
181,Ola,RU,2020-02-23 17:56:44,59.58,151.28,-6.75,93,82,5.93,broken clouds,0.0,0.0
182,Avera,US,2020-02-23 17:51:18,33.19,-82.53,60.01,35,1,4.7,clear sky,0.0,0.0
183,Chernyshevskiy,RU,2020-02-23 17:56:44,63.01,112.47,-4.72,97,33,4.72,scattered clouds,0.0,0.0
184,Uvira,CD,2020-02-23 17:56:44,-3.41,29.15,55.18,94,79,1.05,light rain,0.0,1.38
185,Surt,LY,2020-02-23 17:56:45,31.21,16.59,55.11,66,23,9.64,few clouds,0.0,0.0
186,Belyy Yar,RU,2020-02-23 17:56:45,53.6,91.39,14.0,85,9,2.15,clear sky,0.0,0.0
187,Horsham,GB,2020-02-23 17:56:45,51.06,-0.33,51.8,57,20,10.29,few clouds,0.0,0.0
188,Vila Franca Do Campo,PT,2020-02-23 17:56:45,37.72,-25.43,62.6,82,20,8.05,few clouds,0.0,0.0
189,Saint-Michel-Des-Saints,CA,2020-02-23 17:56:46,46.68,-73.92,37.0,7,100,1.01,overcast clouds,0.0,0.0
190,Terney,RU,2020-02-23 17:56:46,45.05,136.61,13.3,80,100,6.58,overcast clouds,0.0,0.0
191,Port Hardy,CA,2020-02-23 17:52:27,50.7,-127.42,39.2,93,90,25.28,light intensity shower rain,0.0,0.0
192,Calabozo,VE,2020-02-23 17:56:46,8.92,-67.43,101.57,24,74,5.17,broken clouds,0.0,0.0
193,Waynesville,US,2020-02-23 17:56:47,35.49,-82.99,55.0,36,90,3.36,overcast clouds,0.0,0.0
194,Dillon,US,2020-02-23 17:56:47,34.42,-79.37,63.0,41,1,5.82,clear sky,0.0,0.0
195,Olafsvik,IS,2020-02-23 17:53:10,64.89,-23.71,31.48,74,100,8.81,overcast clouds,0.0,0.0
196,Taoudenni,ML,2020-02-23 17:56:35,22.68,-3.98,88.32,8,66,16.42,broken clouds,0.0,0.0
197,Villazon,BO,2020-02-23 17:56:48,-22.09,-65.59,69.28,37,29,6.02,scattered clouds,0.0,0.0
198,Santa Rosa,PH,2020-02-23 17:56:48,14.31,121.11,77.0,78,20,4.7,few clouds,0.0,0.0
199,Goianesia,BR,2020-02-23 17:56:48,-15.32,-49.12,84.02,61,44,3.71,scattered clouds,0.0,0.0
200,Iraquara,BR,2020-02-23 17:56:48,-12.25,-41.62,84.9,59,54,2.77,light rain,0.0,1.63
201,Tiksi,RU,2020-02-23 17:56:49,71.69,128.87,-9.99,88,100,7.81,overcast clouds,0.0,0.0
202,Bambous Virieux,MU,2020-02-23 17:56:49,-20.34,57.76,78.01,94,75,9.17,shower rain,0.0,0.0
203,Lyuban,BY,2020-02-23 17:56:49,52.8,28.0,36.61,73,59,9.08,broken clouds,0.0,0.0
204,Petropavlovsk-Kamchatskiy,RU,2020-02-23 17:56:49,53.05,158.65,17.6,57,75,13.42,broken clouds,0.0,0.0
205,Grootfontein,NA,2020-02-23 17:56:50,-19.57,18.12,70.56,74,96,4.05,light rain,0.0,2.0
206,Bol,TD,2020-02-23 17:56:50,13.46,14.71,80.26,25,31,15.32,scattered clouds,0.0,0.0
207,Arlit,NE,2020-02-23 17:56:50,18.74,7.39,78.31,12,58,12.71,broken clouds,0.0,0.0
208,Maltahohe,NA,2020-02-23 17:56:50,-24.83,16.98,79.38,35,87,9.48,overcast clouds,0.0,0.0
209,Aksha,RU,2020-02-23 17:56:51,50.28,113.29,6.1,83,4,6.96,clear sky,0.0,0.0
210,Loukhi,RU,2020-02-23 17:56:51,66.08,33.04,32.88,98,100,8.14,overcast clouds,0.0,0.0
211,Price,US,2020-02-23 17:56:51,39.6,-110.81,39.0,98,90,4.7,overcast clouds,0.0,0.0
212,Noumea,NC,2020-02-23 17:55:45,-22.28,166.46,80.01,69,72,15.43,broken clouds,0.0,0.0
213,Habiganj,BD,2020-02-23 17:56:52,24.38,91.42,65.79,57,15,2.35,few clouds,0.0,0.0
214,Chake Chake,TZ,2020-02-23 17:56:52,-5.25,39.77,84.61,79,78,18.39,broken clouds,0.0,0.0
215,Narsaq,GL,2020-02-23 17:56:52,60.92,-46.05,24.8,58,100,8.05,snow,1.81,0.0
216,Klaksvik,FO,2020-02-23 17:51:12,62.23,-6.59,37.4,74,80,24.16,light snow,0.69,0.0
217,Namatanai,PG,2020-02-23 17:56:53,-3.67,152.43,83.73,73,55,10.02,broken clouds,0.0,0.0
218,Kieta,PG,2020-02-23 17:56:53,-6.22,155.63,81.1,78,81,7.0,moderate rain,0.0,3.12
219,Salalah,OM,2020-02-23 17:52:49,17.02,54.09,77.0,73,0,2.24,clear sky,0.0,0.0
220,Colotlan,MX,2020-02-23 17:56:53,22.1,-103.27,75.72,29,2,7.94,clear sky,0.0,0.0
221,Banda Aceh,ID,2020-02-23 17:56:54,5.56,95.32,73.83,87,4,6.53,clear sky,0.0,0.0
222,Aripuana,BR,2020-02-23 17:53:54,-9.17,-60.63,82.38,88,95,1.83,moderate rain,0.0,3.31
223,Maragogi,BR,2020-02-23 17:51:16,-9.01,-35.22,82.22,75,13,10.71,few clouds,0.0,0.0
224,Kaitangata,NZ,2020-02-23 17:56:54,-46.28,169.85,55.99,82,99,3.0,overcast clouds,0.0,0.0
225,Byron Bay,AU,2020-02-23 17:56:55,-28.65,153.62,70.0,94,75,4.7,light rain,0.0,0.0
226,Norman Wells,CA,2020-02-23 17:56:55,65.28,-126.83,5.0,84,90,5.82,light snow,0.0,0.0
227,Maryborough,AU,2020-02-23 17:56:55,-25.53,152.7,69.58,96,96,5.19,light rain,0.0,0.31
228,Juybar,IR,2020-02-23 17:56:55,36.64,52.91,51.8,93,90,4.7,mist,0.0,0.0
229,Kavaratti,IN,2020-02-23 17:52:59,10.57,72.64,82.09,73,94,5.03,overcast clouds,0.0,0.0
230,Port Keats,AU,2020-02-23 17:56:56,-14.25,129.55,84.79,81,31,10.94,scattered clouds,0.0,0.0
231,Maoming,CN,2020-02-23 17:56:56,21.65,110.9,63.99,83,0,9.17,clear sky,0.0,0.0
232,Mount Isa,AU,2020-02-23 17:56:57,-20.73,139.5,80.6,74,90,11.41,overcast clouds,0.0,0.0
233,Mogadishu,SO,2020-02-23 17:56:57,2.04,45.34,80.87,82,24,28.23,few clouds,0.0,0.0
234,Aswan,EG,2020-02-23 17:56:57,24.09,32.91,62.73,24,100,7.7,overcast clouds,0.0,0.0
235,Ambon,ID,2020-02-23 17:55:47,-3.7,128.18,81.36,82,67,13.04,moderate rain,0.0,3.25
236,Katsuura,JP,2020-02-23 17:51:13,35.13,140.3,44.6,36,20,13.87,few clouds,0.0,0.0
237,Nizhnyaya Omka,RU,2020-02-23 17:56:58,55.43,74.94,3.34,100,95,2.19,overcast clouds,0.0,0.0
238,Batemans Bay,AU,2020-02-23 17:53:08,-35.72,150.18,64.99,92,79,4.59,broken clouds,0.0,0.0
239,Srednekolymsk,RU,2020-02-23 17:56:58,67.45,153.68,-25.64,100,83,1.19,broken clouds,0.0,0.0
240,Phuket,TH,2020-02-23 17:52:38,8.0,98.25,80.6,69,20,8.05,few clouds,0.0,0.0
241,Black River,JM,2020-02-23 17:56:59,18.03,-77.85,84.2,70,40,16.11,scattered clouds,0.0,0.0
242,Lazaro Cardenas,MX,2020-02-23 17:56:59,17.96,-102.2,83.68,56,0,6.73,clear sky,0.0,0.0
243,Taicheng,CN,2020-02-23 17:56:59,38.73,113.23,38.52,48,69,1.59,broken clouds,0.0,0.0
244,Provideniya,RU,2020-02-23 17:56:59,64.38,-173.3,-9.76,73,0,2.24,clear sky,0.0,0.0
245,Saint George,US,2020-02-23 17:51:00,37.1,-113.58,46.99,75,61,8.05,broken clouds,0.0,0.0
246,Saint-Philippe,RE,2020-02-23 17:57:00,-21.36,55.77,78.8,78,20,2.24,few clouds,0.0,0.0
247,Gushikawa,JP,2020-02-23 17:57:00,26.35,127.87,62.6,71,40,3.36,scattered clouds,0.0,0.0
248,Danshui,CN,2020-02-23 17:57:00,22.8,114.47,71.01,63,71,8.95,broken clouds,0.0,0.0
249,San Patricio,MX,2020-02-23 17:57:01,19.22,-104.7,82.4,69,5,6.93,clear sky,0.0,0.0
250,Ozu,JP,2020-02-23 17:57:01,33.5,132.55,38.35,65,0,2.77,clear sky,0.0,0.0
251,Guerrero Negro,MX,2020-02-23 17:57:01,27.98,-114.06,63.03,61,100,18.25,overcast clouds,0.0,0.0
252,Samarai,PG,2020-02-23 17:53:33,-10.62,150.67,77.07,89,10,2.55,light rain,0.0,0.19
253,Keflavik,IS,2020-02-23 17:57:02,64.0,-22.56,32.0,64,90,17.22,light shower snow,0.0,0.0
254,Conceicao Do Araguaia,BR,2020-02-23 17:55:46,-8.26,-49.26,88.63,62,21,2.42,light rain,0.0,0.75
255,Wodonga,AU,2020-02-23 17:57:02,-36.12,146.88,72.0,68,75,3.36,broken clouds,0.0,0.0
256,Bendigo,AU,2020-02-23 17:57:03,-36.77,144.28,73.0,44,67,5.32,heavy intensity rain,0.0,0.0
257,Cortez,US,2020-02-23 17:57:03,37.35,-108.59,37.99,93,90,5.12,light rain,0.0,0.0
258,Marsa Matruh,EG,2020-02-23 17:57:03,31.35,27.25,51.8,76,75,8.05,broken clouds,0.0,0.0
259,Lorient,FR,2020-02-23 17:57:04,47.83,-3.25,53.6,93,90,16.11,mist,0.0,0.0
260,Spiridonovka,RU,2020-02-23 17:57:04,53.09,50.65,30.2,86,90,22.37,light snow,0.0,0.0
261,Vardo,NO,2020-02-23 17:51:09,70.37,31.11,26.6,86,75,6.93,broken clouds,0.0,0.0
262,Aklavik,CA,2020-02-23 17:57:04,68.22,-135.01,-4.0,76,90,5.82,overcast clouds,0.0,0.0
263,Juba,SS,2020-02-23 17:57:04,4.85,31.58,90.07,32,90,5.97,overcast clouds,0.0,0.0
264,Qinhuangdao,CN,2020-02-23 17:57:05,39.93,119.59,39.42,45,3,4.92,clear sky,0.0,0.0
265,Bilma,NE,2020-02-23 17:57:05,18.69,12.92,70.43,15,79,10.87,broken clouds,0.0,0.0
266,Bertoua,CM,2020-02-23 17:57:05,4.58,13.68,82.02,22,21,1.81,few clouds,0.0,0.0
267,Lukang,TW,2020-02-23 17:57:06,24.06,120.44,66.0,88,20,1.12,few clouds,0.0,0.0
268,Kurilsk,RU,2020-02-23 17:57:06,45.23,147.88,24.35,83,82,39.55,light snow,0.5,0.0
269,Kargopol,RU,2020-02-23 17:57:06,61.51,38.95,30.97,91,82,10.33,broken clouds,0.0,0.0
270,Ostuacan,MX,2020-02-23 17:57:06,17.42,-93.3,75.33,80,65,7.05,light rain,0.0,0.19
271,Pangnirtung,CA,2020-02-23 17:57:07,66.15,-65.71,-31.0,66,75,3.36,broken clouds,0.0,0.0
272,Hasaki,JP,2020-02-23 17:57:07,35.73,140.83,42.8,41,20,6.93,few clouds,0.0,0.0
273,Carmen,MX,2020-02-23 17:55:30,18.63,-91.83,73.4,56,40,10.29,scattered clouds,0.0,0.0
274,Tam Ky,VN,2020-02-23 17:57:07,15.57,108.48,68.0,94,20,1.12,few clouds,0.0,0.0
275,Derzhavinsk,KZ,2020-02-23 17:57:08,51.1,66.32,10.99,95,74,5.79,broken clouds,0.0,0.0
276,Dunedin,NZ,2020-02-23 17:53:04,-45.87,170.5,55.99,84,94,3.11,overcast clouds,0.0,0.0
277,Ponta Delgada,PT,2020-02-23 17:57:08,37.73,-25.67,62.6,82,20,8.05,few clouds,0.0,0.0
278,Pampierstad,ZA,2020-02-23 17:57:08,-27.78,24.69,77.49,28,3,7.85,clear sky,0.0,0.0
279,Ilulissat,GL,2020-02-23 17:51:10,69.22,-51.1,1.4,45,0,1.12,clear sky,0.0,0.0
280,San Andres,CO,2020-02-23 17:55:20,12.58,-81.7,86.0,62,20,5.82,few clouds,0.0,0.0
281,Igrim,RU,2020-02-23 17:57:09,63.19,64.42,28.44,83,49,15.79,scattered clouds,0.0,0.0
282,Miramar,US,2020-02-23 17:57:10,25.99,-80.23,77.0,50,40,13.87,scattered clouds,0.0,0.0
283,Vila Velha,BR,2020-02-23 17:57:10,-20.33,-40.29,80.6,65,90,14.99,overcast clouds,0.0,0.0
284,Asasa,ET,2020-02-23 17:57:10,7.1,39.2,56.03,39,0,6.24,clear sky,0.0,0.0
285,Jinan,CN,2020-02-23 17:53:36,36.67,117.0,57.99,43,17,9.22,few clouds,0.0,0.0
286,Sikasso,ML,2020-02-23 17:57:10,10.92,-7.0,97.16,11,25,1.14,scattered clouds,0.0,0.0
287,Kapuskasing,CA,2020-02-23 17:57:11,49.42,-82.43,33.8,74,90,12.75,overcast clouds,0.0,0.0
288,Saint Anthony,US,2020-02-23 17:57:11,45.02,-93.22,46.0,48,1,11.41,clear sky,0.0,0.0
289,Ukiah,US,2020-02-23 17:57:11,39.15,-123.21,55.0,70,1,4.76,clear sky,0.0,0.0
290,Uige,AO,2020-02-23 17:57:11,-7.61,15.06,69.66,97,100,4.85,light rain,0.0,0.94
291,Goderich,CA,2020-02-23 17:57:12,43.75,-81.72,46.99,69,59,11.99,broken clouds,0.0,0.0
292,Alofi,NU,2020-02-23 17:57:12,-19.06,-169.92,78.8,94,100,5.82,light rain,0.0,2.94
293,Basco,PH,2020-02-23 17:57:12,20.45,121.97,74.32,78,100,21.61,light rain,0.0,0.44
294,Longyearbyen,SJ,2020-02-23 17:52:24,78.22,15.64,-4.0,76,20,6.93,few clouds,0.0,0.0
295,Constitucion,CL,2020-02-23 17:57:13,-35.33,-72.42,64.58,70,26,6.02,scattered clouds,0.0,0.0
296,Chapais,CA,2020-02-23 17:51:13,49.78,-74.85,33.8,69,40,8.05,scattered clouds,0.0,0.0
297,Creston,US,2020-02-23 17:57:13,41.06,-94.36,59.0,75,1,5.59,clear sky,0.0,0.0
298,Jinji,CN,2020-02-23 17:57:13,23.23,110.83,65.39,72,48,1.83,scattered clouds,0.0,0.0
299,Parry Sound,CA,2020-02-23 17:57:14,45.35,-80.03,44.01,71,67,1.01,broken clouds,0.0,0.0
300,Shasta Lake,US,2020-02-23 17:57:14,40.68,-122.37,53.01,71,40,3.04,scattered clouds,0.0,0.0
301,Hay River,CA,2020-02-23 17:57:14,60.82,-115.8,-0.4,84,75,3.36,light snow,0.0,0.0
302,Naze,JP,2020-02-23 17:57:14,28.37,129.48,51.8,87,0,4.7,clear sky,0.0,0.0
303,Manadhoo,MV,2020-02-23 17:57:15,5.77,73.38,82.74,75,93,14.76,overcast clouds,0.0,0.0
304,Paamiut,GL,2020-02-23 17:51:11,61.99,-49.67,19.11,78,100,10.83,light snow,0.25,0.0
305,Charters Towers,AU,2020-02-23 17:57:15,-20.1,146.27,73.89,94,100,9.64,light rain,0.0,1.06
306,Manzil Salim,TN,2020-02-23 17:57:15,35.86,8.48,62.6,21,0,5.82,clear sky,0.0,0.0
307,Hervey Bay,AU,2020-02-23 17:57:16,-25.3,152.85,73.0,88,90,9.17,light intensity shower rain,0.0,0.0
308,Beloha,MG,2020-02-23 17:57:16,-25.17,45.05,77.16,87,53,1.74,light rain,0.0,2.63
309,Rocha,UY,2020-02-23 17:57:16,-34.48,-54.33,79.59,36,0,6.46,clear sky,0.0,0.0
310,Nanortalik,GL,2020-02-23 17:57:16,60.14,-45.24,26.92,89,100,6.69,light snow,0.81,0.0
311,Pervomayskoye,RU,2020-02-23 17:57:17,43.92,46.71,41.72,73,98,7.07,overcast clouds,0.0,0.0
312,Flin Flon,CA,2020-02-23 17:57:17,54.77,-101.86,30.2,74,90,10.29,overcast clouds,0.0,0.0
313,Talnakh,RU,2020-02-23 17:57:17,69.49,88.4,14.0,92,75,29.08,shower snow,0.0,0.0
314,Zaidpur,IN,2020-02-23 17:57:17,26.83,81.33,68.0,82,75,4.92,mist,0.0,0.0
315,Nerchinsk,RU,2020-02-23 17:57:17,51.98,116.58,0.43,84,0,1.74,clear sky,0.0,0.0
316,Hoquiam,US,2020-02-23 17:57:18,46.98,-123.89,46.0,75,90,25.28,overcast clouds,0.0,0.0
317,Denpasar,ID,2020-02-23 17:57:18,-8.65,115.22,78.8,94,40,2.24,scattered clouds,0.0,0.0
318,Pacific Grove,US,2020-02-23 17:57:18,36.62,-121.92,55.99,76,90,9.17,overcast clouds,0.0,0.0
319,Pevek,RU,2020-02-23 17:57:19,69.7,170.31,-11.27,98,100,1.92,light snow,0.13,0.0
320,Mikhaylovka,RU,2020-02-23 17:57:19,50.06,43.24,34.0,94,100,5.99,light snow,1.0,0.0
321,Brae,GB,2020-02-23 17:54:43,60.4,-1.35,41.0,69,79,11.41,light snow,0.13,0.0
322,Xai-Xai,MZ,2020-02-23 17:57:19,-25.05,33.64,73.47,75,100,15.1,light rain,0.0,0.12
323,Meulaboh,ID,2020-02-23 17:57:20,4.14,96.13,83.59,71,20,4.21,few clouds,0.0,0.0
324,Oranjestad,AW,2020-02-23 17:55:05,12.52,-70.03,87.8,55,40,13.87,scattered clouds,0.0,0.0
325,Umtata,ZA,2020-02-23 17:57:20,-31.59,28.78,57.2,87,90,10.29,overcast clouds,0.0,0.0
326,Salvador,SV,2020-02-23 17:57:21,13.83,-88.92,91.4,48,20,12.75,few clouds,0.0,0.0
327,Verkhnevilyuysk,RU,2020-02-23 17:57:21,63.45,120.32,-10.39,99,78,3.51,broken clouds,0.0,0.0
328,Ossora,RU,2020-02-23 17:57:21,59.24,163.07,-1.91,83,100,6.15,overcast clouds,0.0,0.0
329,Touros,BR,2020-02-23 17:57:21,-5.2,-35.46,89.6,59,20,13.87,few clouds,0.0,0.0
330,Nyurba,RU,2020-02-23 17:57:21,63.28,118.33,-9.81,98,59,3.67,broken clouds,0.0,0.0
331,Mezen,RU,2020-02-23 17:57:22,65.85,44.24,32.18,91,100,22.84,light snow,0.13,0.0
332,Hami,CN,2020-02-23 17:55:43,42.8,93.45,29.95,56,53,1.68,broken clouds,0.0,0.0
333,Kamenka,RU,2020-02-23 17:57:22,51.32,42.77,33.01,96,100,10.0,snow,1.81,0.0
334,Celestun,MX,2020-02-23 17:57:22,20.87,-90.4,72.41,60,7,5.46,clear sky,0.0,0.0
335,Taybad,IR,2020-02-23 17:57:23,34.74,60.78,53.22,72,0,6.33,clear sky,0.0,0.0
336,Mao,ES,2020-02-23 17:52:43,39.89,4.27,55.4,87,0,5.82,clear sky,0.0,0.0
337,Mitsamiouli,KM,2020-02-23 17:57:23,-11.38,43.28,82.4,88,20,2.24,few clouds,0.0,0.0
338,Banamba,ML,2020-02-23 17:57:23,13.55,-7.45,97.63,8,2,10.94,clear sky,0.0,0.0
339,Neiafu,TO,2020-02-23 17:55:10,-18.65,-173.98,77.0,94,20,7.14,few clouds,0.0,0.0
340,Amudalavalasa,IN,2020-02-23 17:57:25,18.42,83.9,69.73,76,0,1.66,clear sky,0.0,0.0
341,Dinghai,CN,2020-02-23 17:57:25,26.28,119.79,57.2,67,75,6.71,broken clouds,0.0,0.0
342,Lamu,KE,2020-02-23 17:57:25,-2.27,40.9,82.31,85,14,17.94,few clouds,0.0,0.0
343,Morehead,US,2020-02-23 17:57:25,37.27,-87.18,54.0,43,90,8.05,overcast clouds,0.0,0.0
344,Tiznit,MA,2020-02-23 17:54:09,29.58,-9.5,71.94,13,0,16.6,clear sky,0.0,0.0
345,Genhe,CN,2020-02-23 17:52:48,50.78,121.52,0.18,97,64,2.75,broken clouds,0.0,0.0
346,Farrukhnagar,IN,2020-02-23 17:57:26,17.08,78.2,75.99,77,0,4.7,clear sky,0.0,0.0
347,Vestmanna,FO,2020-02-23 17:57:26,62.16,-7.17,37.4,74,71,24.16,light snow,0.75,0.0
348,Eldorado,BR,2020-02-23 17:57:27,-23.79,-54.28,79.56,63,93,7.47,overcast clouds,0.0,0.0
349,Kargasok,RU,2020-02-23 17:57:27,59.06,80.86,4.3,91,0,6.42,clear sky,0.0,0.0
350,Acari,PE,2020-02-23 17:57:27,-15.43,-74.62,78.08,59,76,10.8,broken clouds,0.0,0.0
351,Quilmana,PE,2020-02-23 17:57:27,-12.95,-76.38,75.81,74,5,6.62,clear sky,0.0,0.0
352,Sawakin,SD,2020-02-23 17:57:28,19.11,37.33,75.2,73,75,6.93,broken clouds,0.0,0.0
353,Novyy Urgal,RU,2020-02-23 17:57:28,51.07,132.56,-2.81,98,95,2.42,overcast clouds,0.0,0.0
354,Imbituba,BR,2020-02-23 17:56:02,-28.24,-48.67,77.0,65,40,12.75,scattered clouds,0.0,0.0
355,Mahebourg,MU,2020-02-23 17:57:29,-20.41,57.7,78.01,94,75,9.17,shower rain,0.0,0.0
356,Bambanglipuro,ID,2020-02-23 17:57:29,-7.95,110.28,76.17,81,34,2.77,scattered clouds,0.0,0.0
357,Amapa,BR,2020-02-23 17:52:59,1.0,-52.0,82.08,85,90,3.69,moderate rain,0.0,4.13
358,Komsomolskiy,UZ,2020-02-23 17:51:09,40.43,71.72,50.0,75,100,2.24,mist,0.0,0.0
359,Balkhash,KZ,2020-02-23 17:57:30,46.84,74.98,12.63,86,8,12.55,clear sky,0.0,0.0
360,Erenhot,CN,2020-02-23 17:57:30,43.65,111.98,23.92,73,6,8.77,clear sky,0.0,0.0
361,Suzun,RU,2020-02-23 17:57:30,53.78,82.31,13.75,96,57,1.28,broken clouds,0.0,0.0
362,Harlingen,US,2020-02-23 17:57:30,26.19,-97.7,78.01,61,75,19.46,broken clouds,0.0,0.0
363,Magadi,IN,2020-02-23 17:57:30,12.97,77.23,73.4,83,66,11.41,broken clouds,0.0,0.0
364,Paita,PE,2020-02-23 17:57:31,-5.09,-81.11,62.6,100,75,6.93,broken clouds,0.0,0.0
365,Tuatapere,NZ,2020-02-23 17:57:31,-46.13,167.68,51.01,91,29,1.99,scattered clouds,0.0,0.0
366,Acapulco,MX,2020-02-23 17:57:31,16.86,-99.89,84.2,74,5,8.05,clear sky,0.0,0.0
367,Ketchikan,US,2020-02-23 17:57:31,55.34,-131.65,39.2,75,75,6.93,broken clouds,0.0,0.0
368,Shitanjing,CN,2020-02-23 17:57:32,39.23,106.34,41.04,37,99,4.29,overcast clouds,0.0,0.0
369,Norton,ZW,2020-02-23 17:57:32,-17.88,30.7,68.79,89,100,12.17,moderate rain,0.0,3.69
370,Baijiantan,CN,2020-02-23 17:57:32,45.63,85.18,25.83,84,67,6.22,broken clouds,0.0,0.0
371,Laurel,US,2020-02-23 17:56:27,39.1,-76.85,61.0,16,1,3.36,clear sky,0.0,0.0
372,Pitimbu,BR,2020-02-23 17:57:33,-7.47,-34.81,89.6,59,20,12.75,few clouds,0.0,0.0
373,Auch,FR,2020-02-23 17:57:33,43.65,0.58,52.0,81,0,1.12,clear sky,0.0,0.0
374,Oil City,US,2020-02-23 17:57:33,41.43,-79.71,48.99,28,1,12.75,clear sky,0.0,0.0
375,Birjand,IR,2020-02-23 17:55:20,32.87,59.22,50.0,31,3,6.24,clear sky,0.0,0.0
376,Solton,RU,2020-02-23 17:57:33,52.84,86.48,14.7,97,66,1.66,broken clouds,0.0,0.0
377,Mount Darwin,ZW,2020-02-23 17:57:34,-16.77,31.58,72.03,85,100,1.34,light rain,0.0,1.56
378,Porbandar,IN,2020-02-23 17:57:34,21.64,69.61,76.84,57,0,14.99,clear sky,0.0,0.0
379,Cape Coast,GH,2020-02-23 17:57:34,5.11,-1.25,82.54,87,47,17.22,scattered clouds,0.0,0.0
380,Havoysund,NO,2020-02-23 17:57:35,71.0,24.66,33.8,100,90,3.36,fog,0.0,0.0
381,San Felipe,VE,2020-02-23 17:57:35,10.34,-68.74,86.5,46,96,7.16,overcast clouds,0.0,0.0
382,Altamont,US,2020-02-23 17:54:18,42.21,-121.74,43.0,65,90,9.17,overcast clouds,0.0,0.0
383,Camacha,PT,2020-02-23 17:51:13,33.08,-16.33,68.0,72,20,17.22,few clouds,0.0,0.0
384,Kati,ML,2020-02-23 17:57:36,12.74,-8.07,98.6,7,3,9.17,clear sky,0.0,0.0
385,Kavieng,PG,2020-02-23 17:57:36,-2.57,150.8,84.34,72,49,11.52,scattered clouds,0.0,0.0
386,Hun,LY,2020-02-23 17:57:36,29.13,15.95,56.21,51,0,9.44,clear sky,0.0,0.0
387,Anadyr,RU,2020-02-23 17:57:36,64.75,177.48,-25.01,74,0,4.47,clear sky,0.0,0.0
388,Ambilobe,MG,2020-02-23 17:53:09,-13.2,49.05,78.1,89,100,1.36,overcast clouds,0.0,0.0
389,Nome,US,2020-02-23 17:57:37,64.5,-165.41,1.4,84,90,11.41,haze,0.0,0.0
390,Gigmoto,PH,2020-02-23 17:57:37,13.78,124.39,79.43,81,1,20.6,light rain,0.0,0.5
391,Kayes,ML,2020-02-23 17:57:37,14.0,-11.0,105.39,8,54,6.13,broken clouds,0.0,0.0
392,Ekibastuz,KZ,2020-02-23 17:57:37,51.67,75.37,16.27,95,69,6.58,light snow,0.19,0.0
393,Inuvik,CA,2020-02-23 17:57:38,68.35,-133.72,-4.0,76,75,5.82,light snow,0.0,0.0
394,Cockburn Town,TC,2020-02-23 17:57:38,21.46,-71.14,73.96,74,14,22.06,few clouds,0.0,0.0
395,Deputatskiy,RU,2020-02-23 17:57:38,69.3,139.9,-21.32,96,31,3.2,scattered clouds,0.0,0.0
396,Maningrida,AU,2020-02-23 17:57:38,-12.07,134.27,83.35,83,93,23.31,overcast clouds,0.0,0.0
397,Alice Springs,AU,2020-02-23 17:52:57,-23.7,133.88,75.2,29,25,6.93,scattered clouds,0.0,0.0
398,Cherskiy,RU,2020-02-23 17:51:14,68.75,161.3,-25.89,91,71,6.55,broken clouds,0.0,0.0
399,Quillota,CL,2020-02-23 17:57:39,-32.88,-71.27,87.01,82,90,3.36,overcast clouds,0.0,0.0
400,Bridlington,GB,2020-02-23 17:57:39,54.08,-0.19,43.0,64,20,12.75,few clouds,0.0,0.0
401,Liverpool,GB,2020-02-23 17:57:39,53.41,-2.98,45.0,75,20,16.11,few clouds,0.0,0.0
402,Novovarshavka,RU,2020-02-23 17:57:40,54.17,74.69,8.08,96,98,3.13,overcast clouds,0.0,0.0
403,Marathon,US,2020-02-23 17:53:04,44.9,-89.77,46.4,56,1,8.05,clear sky,0.0,0.0
404,San Mauro Torinese,IT,2020-02-23 17:57:40,45.11,7.75,55.99,62,100,1.12,overcast clouds,0.0,0.0
405,Corinto,GR,2020-02-23 17:57:40,37.94,22.96,52.0,57,0,3.36,clear sky,0.0,0.0
406,Beipiao,CN,2020-02-23 17:57:41,41.79,120.78,29.39,63,0,4.32,clear sky,0.0,0.0
407,Karratha,AU,2020-02-23 17:48:28,-20.74,116.85,81.64,77,7,15.28,clear sky,0.0,0.0
408,Sawai Madhopur,IN,2020-02-23 17:57:42,25.98,76.37,66.34,49,0,5.91,clear sky,0.0,0.0
409,Tanggu,CN,2020-02-23 17:57:42,39.02,117.65,37.4,74,7,4.47,haze,0.0,0.0
410,Saint-Joseph,RE,2020-02-23 17:57:42,-21.37,55.62,78.8,78,20,2.24,few clouds,0.0,0.0
411,Baiyin,CN,2020-02-23 17:57:43,36.56,104.21,42.01,34,100,2.24,overcast clouds,0.0,0.0
412,Khudumelapye,BW,2020-02-23 17:57:43,-23.88,24.75,75.15,60,41,15.14,light rain,0.0,0.88
413,Fare,PF,2020-02-23 17:57:43,-16.7,-151.02,82.72,70,47,10.8,scattered clouds,0.0,0.0
414,Choya,RU,2020-02-23 17:57:43,52.01,86.55,17.4,97,100,1.05,light snow,0.31,0.0
415,Uvinza,TZ,2020-02-23 17:57:44,-5.1,30.39,69.67,90,100,0.58,light rain,0.0,0.56
416,Robe,AU,2020-02-23 17:57:44,-37.18,139.75,59.76,76,100,5.7,overcast clouds,0.0,0.0
417,Biloela,AU,2020-02-23 17:57:44,-24.42,150.5,69.78,87,100,10.47,overcast clouds,0.0,0.0
418,Nova Aurora,BR,2020-02-23 17:57:44,-22.87,-52.57,78.35,73,75,8.93,broken clouds,0.0,0.0
419,Chernenko,RU,2020-02-23 17:57:45,44.37,39.31,39.24,76,90,10.54,overcast clouds,0.0,0.0
420,Casper,US,2020-02-23 17:55:00,42.87,-106.31,39.0,68,1,3.36,clear sky,0.0,0.0
421,Sambava,MG,2020-02-23 17:57:45,-14.27,50.17,74.84,99,100,0.83,light rain,0.0,2.81
422,Sangar,RU,2020-02-23 17:57:45,63.92,127.47,-15.16,100,99,1.14,overcast clouds,0.0,0.0
423,Mehamn,NO,2020-02-23 17:57:46,71.04,27.85,33.8,86,75,8.05,broken clouds,0.0,0.0
424,Khuzhir,RU,2020-02-23 17:57:46,53.19,107.34,12.33,80,0,5.17,clear sky,0.0,0.0
425,Kununurra,AU,2020-02-23 17:57:46,-15.77,128.73,78.8,88,21,3.36,few clouds,0.0,0.0
426,Dengfeng,CN,2020-02-23 17:57:46,34.46,113.03,48.47,84,83,2.93,broken clouds,0.0,0.0
427,South Lake Tahoe,US,2020-02-23 17:57:47,38.93,-119.98,53.01,38,1,5.91,clear sky,0.0,0.0
428,Tateyama,JP,2020-02-23 17:57:47,34.98,139.87,44.6,36,20,13.87,few clouds,0.0,0.0
429,Haines Junction,CA,2020-02-23 17:57:47,60.75,-137.51,5.56,95,100,4.74,light snow,0.94,0.0
430,Minab,IR,2020-02-23 17:57:47,27.15,57.08,69.8,88,26,2.24,mist,0.0,0.0
431,Vao,NC,2020-02-23 17:57:48,-22.67,167.48,77.65,76,83,14.32,broken clouds,0.0,0.0
432,Makokou,GA,2020-02-23 17:57:48,0.57,12.86,74.93,92,100,5.39,light rain,0.0,1.37
433,Kautokeino,NO,2020-02-23 17:57:48,69.01,23.04,15.57,88,50,7.63,scattered clouds,0.0,0.0
434,Kuldur,RU,2020-02-23 17:57:48,49.22,131.63,8.1,83,100,1.54,overcast clouds,0.0,0.0
435,Luancheng,CN,2020-02-23 17:56:32,37.88,114.65,39.2,55,35,6.71,scattered clouds,0.0,0.0
436,Daru,PG,2020-02-23 17:57:49,-9.08,143.21,76.6,94,100,4.76,overcast clouds,0.0,0.0
437,Macklin,CA,2020-02-23 17:57:49,52.33,-109.93,20.35,78,0,6.11,clear sky,0.0,0.0
438,Bairnsdale,AU,2020-02-23 17:57:49,-37.83,147.62,66.99,86,21,2.46,few clouds,0.0,0.0
439,Port Macquarie,AU,2020-02-23 17:53:46,-31.43,152.92,68.0,94,90,5.82,overcast clouds,0.0,0.0
440,Nongpoh,IN,2020-02-23 17:57:50,25.9,91.88,68.0,88,40,3.51,mist,0.0,0.0
441,Ivanivka,UA,2020-02-23 17:57:50,46.72,34.55,41.81,79,100,17.94,overcast clouds,0.0,0.0
442,Kariba,ZW,2020-02-23 17:57:50,-16.52,28.8,76.69,84,48,2.04,light rain,0.0,1.31
443,Maua,BR,2020-02-23 17:57:51,-23.67,-46.46,75.2,77,90,13.87,overcast clouds,0.0,0.0
444,Arona,ES,2020-02-23 17:57:51,28.1,-16.68,75.2,29,90,13.87,haze,0.0,0.0
445,Nicolet,CA,2020-02-23 17:57:51,46.22,-72.62,41.0,74,1,19.46,clear sky,0.0,0.0
446,Kosonsoy,UZ,2020-02-23 17:57:51,41.26,71.55,50.0,76,90,2.24,mist,0.0,0.0
447,Lubben,DE,2020-02-23 17:57:52,51.95,13.9,48.99,93,40,11.41,scattered clouds,0.0,0.0
448,Hamilton,US,2020-02-23 17:55:30,39.18,-84.53,48.99,42,90,6.93,overcast clouds,0.0,0.0
449,Sembe,CG,2020-02-23 17:57:52,1.65,14.58,77.83,71,100,4.5,overcast clouds,0.0,0.0
450,Tessalit,ML,2020-02-23 17:57:52,20.2,1.01,81.7,11,27,7.14,scattered clouds,0.0,0.0
451,Poum,NC,2020-02-23 17:57:53,-20.23,164.02,80.62,76,37,22.37,scattered clouds,0.0,0.0
452,Tabou,CI,2020-02-23 17:57:53,4.42,-7.35,81.03,87,98,6.22,light rain,0.0,2.75
453,Lufilufi,WS,2020-02-23 17:57:53,-13.87,-171.6,80.01,94,90,3.36,light rain,0.0,0.0
454,Hauterive,FR,2020-02-23 17:57:53,46.09,3.45,62.6,33,61,3.36,broken clouds,0.0,0.0
455,Kibre Mengist,ET,2020-02-23 17:57:54,5.88,38.98,61.57,33,49,1.3,scattered clouds,0.0,0.0
456,El Sauzal,MX,2020-02-23 17:57:54,31.9,-116.68,62.01,79,97,4.0,overcast clouds,0.0,0.0
457,Bay-Khaak,RU,2020-02-23 17:57:54,51.17,94.5,9.0,92,100,2.26,overcast clouds,0.0,0.0
458,Kosovska Mitrovica,XK,2020-02-23 17:57:54,42.88,20.87,46.99,45,100,4.7,overcast clouds,0.0,0.0
459,Dongkan,CN,2020-02-23 17:57:54,34.0,119.83,43.54,74,67,7.83,broken clouds,0.0,0.0
460,Embonas,GR,2020-02-23 17:57:55,36.23,27.86,55.0,71,20,2.24,few clouds,0.0,0.0
461,Faya,SA,2020-02-23 17:55:20,18.39,42.45,66.2,72,72,6.93,broken clouds,0.0,0.0
462,Kharp,RU,2020-02-23 17:57:55,66.8,65.81,22.28,96,96,15.14,overcast clouds,0.0,0.0
463,Kaeo,NZ,2020-02-23 17:54:20,-35.1,173.78,57.0,100,0,18.45,clear sky,0.0,0.0
464,Kahului,US,2020-02-23 17:54:00,20.89,-156.47,71.6,82,20,5.82,few clouds,0.0,0.0
465,Chimore,BO,2020-02-23 17:57:57,-16.98,-65.13,88.83,43,29,2.24,scattered clouds,0.0,0.0
466,Coihaique,CL,2020-02-23 17:57:57,-45.58,-72.07,68.0,40,52,8.05,broken clouds,0.0,0.0
467,Malvern,US,2020-02-23 17:57:57,34.36,-92.81,48.0,93,40,3.36,light rain,0.0,0.0
468,Edd,ER,2020-02-23 17:57:57,13.93,41.69,82.56,50,0,11.18,clear sky,0.0,0.0
469,Lao Cai,VN,2020-02-23 17:57:58,22.48,103.95,59.38,82,24,1.16,few clouds,0.0,0.0
470,Atar,MR,2020-02-23 17:57:58,20.52,-13.05,92.32,8,100,7.14,overcast clouds,0.0,0.0
471,Pinawa,CA,2020-02-23 17:57:58,50.15,-95.88,32.85,92,70,16.96,light snow,0.69,0.0
472,Gallup,US,2020-02-23 17:57:58,35.53,-108.74,35.6,86,90,14.99,snow,0.0,0.0
473,Kungurtug,RU,2020-02-23 17:57:59,50.6,97.52,13.06,97,100,1.32,light snow,0.19,0.0
474,Shingu,JP,2020-02-23 17:57:59,33.73,135.98,46.08,65,0,9.15,clear sky,0.0,0.0
475,Kandrian,PG,2020-02-23 17:57:59,-6.22,149.55,75.18,94,34,4.52,light rain,0.0,1.19
476,Manono,CD,2020-02-23 17:57:59,-7.3,27.42,73.58,94,100,3.58,light rain,0.0,1.88
477,Hermosillo,MX,2020-02-23 17:56:52,29.07,-110.97,64.99,56,100,3.0,overcast clouds,0.0,0.0
478,Steinbach,DE,2020-02-23 17:58:00,50.17,8.57,57.0,71,75,26.4,broken clouds,0.0,0.0
479,Aromashevo,RU,2020-02-23 17:58:00,56.86,68.64,19.36,93,89,7.94,overcast clouds,0.0,0.0
480,Pemangkat,ID,2020-02-23 17:58:00,1.17,108.97,76.41,92,100,7.7,overcast clouds,0.0,0.0
481,Luganville,VU,2020-02-23 17:58:00,-15.53,167.17,72.72,96,41,0.78,light rain,0.0,0.25
482,Severo-Yeniseyskiy,RU,2020-02-23 17:58:01,60.37,93.04,7.68,93,83,4.03,broken clouds,0.0,0.0
483,Dali,CN,2020-02-23 17:58:01,25.7,100.18,42.03,95,17,1.54,few clouds,0.0,0.0
484,Zaysan,KZ,2020-02-23 17:58:01,47.47,84.87,21.16,97,100,0.76,light snow,0.37,0.0
485,Aykhal,RU,2020-02-23 17:58:01,66.0,111.5,1.4,91,100,4.47,overcast clouds,0.0,0.0
486,Egvekinot,RU,2020-02-23 17:56:06,66.32,-179.17,-31.85,92,1,2.21,clear sky,0.0,0.0
487,Sur,OM,2020-02-23 17:58:02,22.57,59.53,71.22,68,0,1.36,clear sky,0.0,0.0
488,Benjamin Constant,BR,2020-02-23 17:58:02,-4.38,-70.03,84.2,78,75,3.36,broken clouds,0.0,0.0
489,Florida Ridge,US,2020-02-23 17:58:02,27.58,-80.39,77.0,41,75,8.05,broken clouds,0.0,0.0
490,Pultusk,PL,2020-02-23 17:58:03,52.7,21.08,41.0,100,75,9.17,light rain,0.0,0.0
491,Mazamari,PE,2020-02-23 17:58:03,-11.33,-74.53,67.19,98,77,3.8,light rain,0.0,2.81
492,Ca Mau,VN,2020-02-23 17:58:03,9.18,105.15,75.45,71,6,9.75,clear sky,0.0,0.0
493,Ahuimanu,US,2020-02-23 17:58:03,21.44,-157.84,73.4,69,20,0.45,few clouds,0.0,0.0
494,Konispol,AL,2020-02-23 17:58:04,39.66,20.18,55.4,66,28,4.59,scattered clouds,0.0,0.0
495,Pasighat,IN,2020-02-23 17:58:04,28.07,95.33,65.25,61,30,0.65,scattered clouds,0.0,0.0
496,Richards Bay,ZA,2020-02-23 17:58:04,-28.78,32.04,74.25,66,44,24.2,light rain,0.0,0.44
497,Lorengau,PG,2020-02-23 17:58:04,-2.02,147.27,83.43,71,10,6.78,clear sky,0.0,0.0
498,Kumano,JP,2020-02-23 17:58:04,34.34,132.59,39.2,64,20,4.7,few clouds,0.0,0.0
499,Carutapera,BR,2020-02-23 17:54:52,-1.2,-46.02,81.7,80,54,12.62,broken clouds,0.0,0.0
500,Arkhangelskoye,RU,2020-02-23 17:58:05,55.85,35.33,32.59,85,17,13.51,few clouds,0.0,0.0
501,Bundaberg,AU,2020-02-23 17:58:05,-24.85,152.35,73.0,88,90,9.17,light intensity shower rain,0.0,0.0
502,Olinda,BR,2020-02-23 17:58:06,-8.01,-34.86,87.8,66,41,9.17,scattered clouds,0.0,0.0
503,Terrace,CA,2020-02-23 17:58:06,54.52,-128.6,33.01,66,90,18.34,overcast clouds,0.0,0.0
504,Synya,RU,2020-02-23 17:58:06,65.37,58.04,29.01,85,100,18.92,light snow,0.25,0.0
505,Montrose,US,2020-02-23 17:58:06,38.42,-108.27,43.0,65,1,3.0,clear sky,0.0,0.0
506,Puranpur,IN,2020-02-23 17:58:07,28.52,80.15,62.6,68,19,5.77,few clouds,0.0,0.0
507,Hamada,JP,2020-02-23 17:58:07,34.88,132.08,36.0,14,0,3.0,clear sky,0.0,0.0
508,Campos Novos,BR,2020-02-23 17:58:07,-27.4,-51.23,82.69,30,15,2.28,few clouds,0.0,0.0
509,Lancaster,US,2020-02-23 17:57:56,40.25,-76.25,55.0,19,1,5.82,clear sky,0.0,0.0
510,Sturgis,US,2020-02-23 17:58:08,41.8,-85.42,50.0,49,1,13.87,clear sky,0.0,0.0
511,Douglas,US,2020-02-23 17:58:08,41.3,-96.17,59.0,28,1,5.35,clear sky,0.0,0.0
512,Carbonia,IT,2020-02-23 17:58:08,39.17,8.52,57.2,76,0,13.87,clear sky,0.0,0.0
513,Dicabisagan,PH,2020-02-23 17:58:08,17.08,122.42,74.19,86,100,9.28,light rain,0.0,2.75
514,Haimen,CN,2020-02-23 17:58:08,23.19,116.61,62.6,67,21,4.47,few clouds,0.0,0.0
515,Mumford,GH,2020-02-23 17:58:09,5.26,-0.76,83.34,79,66,11.39,light rain,0.0,0.31
516,Punta Alta,AR,2020-02-23 17:58:09,-38.88,-62.07,83.16,33,0,13.38,clear sky,0.0,0.0
517,Cassilandia,BR,2020-02-23 17:58:09,-19.11,-51.73,82.83,72,86,3.87,overcast clouds,0.0,0.0
518,Sao Jose Da Coroa Grande,BR,2020-02-23 17:58:09,-8.9,-35.15,82.22,75,13,10.71,few clouds,0.0,0.0
519,Bela,IN,2020-02-23 17:58:10,25.93,81.98,66.31,71,0,4.56,clear sky,0.0,0.0
520,Margate,GB,2020-02-23 17:53:45,51.38,1.39,50.0,57,98,10.29,overcast clouds,0.0,0.0
521,Moussoro,TD,2020-02-23 17:58:10,13.64,16.49,80.11,11,0,14.14,clear sky,0.0,0.0
522,Sistranda,NO,2020-02-23 17:58:10,63.73,8.83,37.4,74,40,19.46,shower rain,0.0,0.0
523,Susanville,US,2020-02-23 17:58:11,40.42,-120.65,50.0,48,1,3.36,clear sky,0.0,0.0
524,Ailigandi,PA,2020-02-23 17:58:11,9.23,-78.02,83.44,60,38,9.31,scattered clouds,0.0,0.0
525,Saravan,AM,2020-02-23 17:58:11,39.72,45.65,44.6,81,90,9.17,overcast clouds,0.0,0.0
526,Wasilla,US,2020-02-23 17:58:11,61.58,-149.44,15.01,78,90,5.82,light snow,0.0,0.0
527,Wonthaggi,AU,2020-02-23 17:58:12,-38.6,145.59,63.0,96,56,1.01,broken clouds,0.0,0.0
528,Ahvaz,IR,2020-02-23 17:58:12,31.32,48.67,68.0,60,61,2.24,broken clouds,0.0,0.0
529,Axim,GH,2020-02-23 17:58:12,4.87,-2.24,82.76,80,93,7.83,light rain,0.0,0.88
530,Amparafaravola,MG,2020-02-23 17:58:12,-17.58,48.22,70.2,93,100,3.44,moderate rain,0.0,4.38
531,Port Alberni,CA,2020-02-23 17:58:13,49.24,-124.8,45.0,81,75,11.41,light intensity shower rain,0.0,0.0
532,Mananjary,MG,2020-02-23 17:58:13,-21.22,48.33,80.56,82,72,11.03,broken clouds,0.0,0.0
533,Ulaangom,MN,2020-02-23 17:58:13,49.98,92.07,7.3,92,100,1.21,light snow,0.13,0.0
534,Turukhansk,RU,2020-02-23 17:58:13,65.82,87.98,12.92,94,100,12.12,light snow,0.75,0.0
535,Owando,CG,2020-02-23 17:58:14,-0.48,15.9,78.71,78,99,3.87,light rain,0.0,1.38
536,Waycross,US,2020-02-23 17:58:14,31.21,-82.35,69.01,22,40,3.36,scattered clouds,0.0,0.0
537,Babstovo,RU,2020-02-23 17:58:14,48.12,132.48,10.62,91,100,2.01,overcast clouds,0.0,0.0
538,Srandakan,ID,2020-02-23 17:58:14,-7.94,110.25,76.17,81,34,2.77,scattered clouds,0.0,0.0
539,Sergeyevka,KZ,2020-02-23 17:58:15,53.88,67.42,11.19,97,63,6.06,broken clouds,0.0,0.0
540,Linqing,CN,2020-02-23 17:58:15,36.85,115.71,50.38,72,20,7.63,few clouds,0.0,0.0
541,Saint-Denis,FR,2020-02-23 17:58:15,48.92,2.33,55.4,87,90,16.11,overcast clouds,0.0,0.0
542,Arman,RU,2020-02-23 17:58:15,59.7,150.17,-1.98,96,73,5.53,broken clouds,0.0,0.0
543,Seymchan,RU,2020-02-23 17:58:16,62.88,152.43,-16.24,99,98,1.19,overcast clouds,0.0,0.0
544,Belaya Gora,RU,2020-02-23 17:58:16,68.53,146.42,-17.25,99,93,1.59,overcast clouds,0.0,0.0
545,Linqiong,CN,2020-02-23 17:58:16,30.42,103.46,55.99,76,20,0.2,few clouds,0.0,0.0
546,Whitehorse,CA,2020-02-23 17:58:16,60.72,-135.05,14.0,78,75,3.36,light snow,0.0,0.0
547,San Carlos De Bariloche,AR,2020-02-23 17:57:08,-41.15,-71.31,75.2,33,17,25.28,few clouds,0.0,0.0
548,Madison Heights,US,2020-02-23 17:58:17,42.49,-83.11,51.01,36,1,8.05,clear sky,0.0,0.0
549,Mayenne,FR,2020-02-23 17:58:17,48.33,-0.67,53.6,93,90,9.17,light intensity drizzle,0.0,0.0
550,Solnechnyy,RU,2020-02-23 17:58:17,50.72,136.63,1.42,89,24,1.3,few clouds,0.0,0.0
551,Cuenca,EC,2020-02-23 17:58:17,-2.88,-78.98,71.6,49,75,4.7,broken clouds,0.0,0.0
552,Iranshahr,IR,2020-02-23 17:58:18,27.2,60.68,69.8,43,19,1.83,few clouds,0.0,0.0
553,Comodoro Rivadavia,AR,2020-02-23 17:57:30,-45.87,-67.5,68.0,52,26,12.75,scattered clouds,0.0,0.0
554,Nizhniy Kuranakh,RU,2020-02-23 17:58:19,58.84,125.49,5.54,97,97,2.55,light snow,0.19,0.0
555,Ust-Kan,RU,2020-02-23 17:58:19,50.93,84.76,8.73,96,100,2.42,light snow,0.19,0.0
556,Kurchum,KZ,2020-02-23 17:58:19,48.57,83.65,12.74,91,97,0.58,overcast clouds,0.0,0.0
557,Covington,US,2020-02-23 17:58:19,39.08,-84.51,48.99,45,90,9.17,overcast clouds,0.0,0.0
558,Tougan,BF,2020-02-23 17:58:20,13.07,-3.07,95.79,9,2,9.98,clear sky,0.0,0.0
559,Boguchany,RU,2020-02-23 17:58:20,58.38,97.45,10.22,96,38,3.06,scattered clouds,0.0,0.0
560,Nogent-Le-Rotrou,FR,2020-02-23 17:58:20,48.33,1.0,54.0,93,90,17.22,light intensity drizzle rain,0.0,0.0
561,Kazachinskoye,RU,2020-02-23 17:58:20,57.7,93.28,14.4,95,96,3.06,overcast clouds,0.0,0.0
562,Pucallpa,PE,2020-02-23 17:58:21,-8.38,-74.55,90.09,44,94,4.56,overcast clouds,0.0,0.0
563,Thio,NC,2020-02-23 17:58:21,-21.62,166.22,73.4,69,58,7.9,broken clouds,0.0,0.0
564,Tazovskiy,RU,2020-02-23 17:58:21,67.47,78.7,27.97,90,100,18.1,overcast clouds,0.0,0.0
565,Scarborough,GB,2020-02-23 17:54:35,54.28,-0.4,43.0,69,19,13.87,few clouds,0.0,0.0
566,Qasigiannguit,GL,2020-02-23 17:58:22,68.82,-51.19,1.4,45,0,1.12,clear sky,0.0,0.0
567,Marystown,CA,2020-02-23 17:58:08,47.17,-55.15,31.06,88,21,16.93,few clouds,0.0,0.0
568,Pavilosta,LV,2020-02-23 17:58:22,56.89,21.19,41.0,86,99,19.46,light rain,0.0,0.25
569,Los Algarrobos,PA,2020-02-23 17:58:22,8.5,-82.43,93.2,32,20,8.05,few clouds,0.0,0.0
570,Seydi,TM,2020-02-23 17:58:22,39.48,62.91,49.71,58,49,5.32,scattered clouds,0.0,0.0
571,Ventspils,LV,2020-02-23 17:58:23,57.39,21.56,41.0,100,38,16.11,light rain,0.0,0.5
